"DepartmentGroupNumber","GroupSize","PercentMale","BAME","NumberTeamLeads","NumberFeMaleTeamLeads","Location","LondonorNot","Function","EMPsurvEngage_1","EMPsurvEngage_2","EMPsurvEngage_3","EMPsurvEngage_4","EMPsurvEngage_5","EMPsurvEngage_6","EMPsurvEngage_7","EMPsurvEngage_8","EMPsurvEngage_9","EMPsurvEngagement","EMPorgIntegrity1","EMPorgIntegrity2","EMPorgIntegrity3","EMPorgIntegrity4","EMPorgIntegrity5","EmpSurvOrgIntegrity","EMPsurvSUP1","EMPsurvSUP2","EMPsurvSUP3","EMPsurvSUP4","EmpSurvSupervisor"
18,18,65,NA,3,1,1,1,2,100,100,94,78,100,94,89,72,78,89,72,78,89,89,18,69.2,72,89,89,83,83.25
19,28,67,NA,4,0,1,1,2,96,86,86,54,96,57,89,82,82,81,75,86,89,89,19,71.6,79,79,64,82,76
29,11,33,NA,2,0,1,1,2,100,91,100,82,100,82,100,73,91,91,73,91,91,91,29,75,73,91,73,73,77.5
30,17,32,NA,2,0,1,1,2,100,100,100,94,100,88,100,88,94,96,100,100,100,100,30,86,100,100,100,100,100
35,32,18,NA,5,3,1,1,2,81,69,72,44,81,44,84,38,47,62,59,81,88,78,35,68.2,81,78,72,75,76.5
37,60,65,NA,9,0,1,1,2,97,97,87,92,97,78,92,55,83,86,87,92,93,80,37,77.8,88,92,78,87,86.25
44,23,15,NA,3,1,1,1,2,91,100,100,87,100,87,96,91,96,94,100,100,100,100,44,88.8,100,100,96,100,99
45,36,26,NA,5,0,1,1,2,100,94,89,97,97,94,97,69,78,91,61,89,89,81,45,73,75,83,78,78,78.5
47,32,65,NA,5,0,3,2,2,91,88,91,81,97,72,94,69,81,85,69,91,97,78,47,76.4,78,94,72,84,82
50,70,5,NA,10,2,3,2,2,97,97,93,90,99,90,99,80,93,93,69,94,97,80,50,78,96,96,90,91,93.25
51,52,75,NA,7,0,3,2,2,92,94,98,98,94,88,98,69,85,91,67,92,94,80,51,76.8,98,94,94,98,96
63,15,50,NA,2,0,3,2,2,93,100,93,87,93,87,100,80,93,92,60,100,100,93,63,83.2,87,93,100,80,90
66,28,56,NA,4,1,3,2,2,100,100,100,93,100,89,96,96,100,97,89,96,100,79,66,86,86,96,93,96,92.75
72,20,33,NA,3,0,3,2,2,100,100,100,80,100,75,100,95,100,94,70,100,100,95,72,87.4,80,85,80,85,82.5
73,61,25,NA,9,1,2,1,2,92,97,97,89,98,93,97,84,93,93,92,100,100,95,73,92,90,90,90,93,90.75
91,48,56,NA,7,0,2,1,2,71,77,71,40,90,37,87,54,60,65,44,85,96,79,91,79,77,90,88,91,86.5
98,21,26,NA,3,1,2,1,2,100,90,100,81,100,86,100,90,95,94,90,90,95,90,98,92.6,100,100,95,90,96.25
102,35,1,NA,5,2,3,2,2,86,80,86,80,80,60,94,46,63,75,51,89,97,63,102,80.4,77,74,69,71,72.75
109,56,45,NA,8,0,3,2,2,98,96,96,93,96,88,100,55,88,90,70,91,96,79,109,89,84,75,75,82,79
131,15,18,NA,2,1,3,2,2,87,67,60,47,87,33,73,73,67,66,67,80,73,67,131,83.6,93,87,67,67,78.5
132,70,65,NA,10,0,1,1,2,87,96,94,71,100,80,93,86,72,87,64,96,96,90,132,95.6,89,87,83,83,85.5
143,17,5,NA,2,2,3,2,2,100,100,100,94,100,88,100,88,94,96,100,100,100,100,143,108.6,100,100,100,100,100
148,38,64,NA,5,0,3,2,1,95,89,97,95,82,82,87,79,76,87,47,89,87,92,148,92.6,76,82,82,84,81
152,17,75,NA,2,0,3,2,1,82,53,65,76,82,59,76,71,53,69,59,65,82,76,152,86.8,71,82,65,71,72.25
154,34,65,NA,5,0,3,2,1,91,85,76,74,82,68,82,76,68,78,59,88,94,91,154,97.2,82,76,79,74,77.75
168,22,45,NA,3,2,3,2,2,95,95,95,100,91,64,100,64,86,88,91,91,86,86,168,104.4,95,100,91,100,96.5
172,40,45,NA,6,2,3,2,2,98,93,95,80,90,78,95,38,88,84,88,88,90,58,172,99.2,88,98,88,93,91.75
175,16,75,NA,2,1,2,1,1,100,100,100,100,100,81,100,81,88,94,94,100,100,100,175,113.8,94,81,50,75,75
176,13,25,NA,2,0,2,1,1,92,85,85,85,77,92,85,77,85,85,85,92,92,92,176,107.4,92,69,77,85,80.75
177,29,75,NA,4,2,2,1,1,90,90,90,83,97,76,93,72,86,86,69,93,97,76,177,102.4,83,97,72,90,85.5
182,21,35,NA,3,1,3,2,2,95,90,95,76,90,75,95,76,95,88,76,81,100,90,182,105.8,86,90,86,86,87
205,27,1,NA,4,2,3,2,2,89,81,81,56,89,59,89,67,67,75,59,93,96,89,205,108.4,85,78,78,85,81.5
206,18,57,NA,3,0,3,2,2,94,89,89,61,89,61,100,72,72,81,61,94,94,89,206,108.8,89,89,83,83,86
217,40,25,NA,6,2,3,2,2,90,95,95,75,100,75,98,95,93,91,65,93,95,58,217,105.6,88,83,85,93,87.25
222,26,96,NA,4,0,3,2,1,65,81,88,65,96,48,81,65,73,74,69,96,100,32,222,103.8,85,81,73,65,76
223,25,100,NA,4,0,3,2,1,84,84,96,64,92,52,88,68,68,77,52,96,100,44,223,103,96,92,84,80,88
224,45,49,NA,6,0,3,2,1,100,93,98,87,91,89,89,96,98,93,80,96,93,73,224,113.2,100,93,84,96,93.25
239,12,52,NA,2,0,3,2,2,100,75,83,75,92,75,100,75,75,83,83,100,100,75,239,119.4,92,75,50,58,68.75
240,48,3,NA,7,7,3,2,2,100,88,79,65,88,56,79,50,67,75,54,79,88,73,240,106.8,83,75,58,73,72.25
244,26,67,NA,4,0,2,1,2,96,96,81,77,92,69,92,46,62,79,62,85,96,81,244,113.6,81,77,76,77,77.75
261,36,65,NA,5,1,2,1,1,94,97,91,69,100,92,97,64,69,86,81,92,94,92,261,124,89,94,86,86,88.75
283,25,65,NA,4,0,2,1,1,92,92,92,72,96,67,88,48,84,81,60,92,100,76,283,122.2,88,92,84,88,88
284,13,50,NA,2,1,3,2,1,100,92,92,92,92,92,100,100,92,95,69,100,92,92,284,127.4,85,100,92,92,92.25
286,36,82,NA,5,2,3,2,1,94,81,81,64,83,72,78,61,72,76,56,83,86,75,286,117.2,69,67,75,61,68
288,18,25,NA,3,0,3,2,2,100,100,100,100,100,94,100,72,94,96,72,83,89,78,288,122,78,78,89,72,79.25
289,21,35,NA,3,0,1,1,2,86,90,100,90,95,95,95,62,86,89,67,95,90,86,289,125.4,90,100,95,90,93.75
294,26,65,NA,4,0,3,2,2,96,100,100,73,96,62,96,77,85,87,69,96,92,77,294,125.6,85,69,88,73,78.75
320,23,58,NA,3,0,3,2,2,74,78,35,87,96,43,91,78,39,69,78,83,83,91,320,131,74,70,65,78,71.75
344,19,24,NA,3,0,3,2,2,100,100,95,100,100,95,100,74,95,95,68,89,100,84,344,137,74,74,74,68,72.5
345,30,65,NA,4,1,3,2,2,87,93,90,83,100,73,100,70,83,87,83,93,97,90,345,141.6,83,97,70,77,81.75
350,16,56,NA,2,0,3,2,2,56,100,94,75,94,63,94,44,88,78,63,94,94,81,350,136.4,81,81,75,75,78
370,14,1,NA,2,0,3,2,2,93,86,86,71,86,64,86,43,57,75,64,86,86,100,370,141.2,86,86,93,100,91.25
374,14,75,NA,2,1,2,1,2,100,93,64,64,93,57,86,57,93,79,86,93,86,93,374,146.4,93,100,86,93,93
376,61,58,NA,9,3,2,1,2,92,74,66,69,80,64,84,57,66,72,54,75,79,75,376,131.8,70,75,80,67,73
394,44,61,NA,6,0,2,1,2,98,95,95,80,98,63,98,55,89,86,68,93,100,98,394,150.6,80,84,89,95,87
395,50,25,NA,7,0,3,2,2,100,98,98,86,100,80,100,82,94,93,80,94,96,88,395,150.6,82,90,84,90,86.5
402,59,68,NA,8,2,3,2,1,93,76,76,58,92,47,86,61,58,72,37,69,88,73,402,133.8,71,71,71,73,71.5
403,65,65,NA,9,0,3,2,1,89,82,80,46,91,32,91,63,54,70,45,68,88,75,403,135.8,82,91,86,88,86.75
404,50,67,NA,7,3,3,2,1,94,90,86,58,96,58,94,70,78,80,58,86,94,84,404,145.2,84,88,86,92,87.5
405,65,25,NA,9,0,3,2,1,94,92,89,72,97,55,91,75,78,83,68,80,89,80,405,144.4,88,88,86,91,88.25
406,40,65,NA,6,0,3,2,1,88,85,85,63,98,50,97,65,65,77,45,78,83,83,406,139,69,78,80,88,78.75
407,61,65,NA,9,0,3,2,1,100,95,97,72,100,73,98,79,85,89,64,92,97,92,407,150.4,92,97,97,98,96
409,44,56,NA,6,0,3,2,2,98,100,100,68,98,82,100,93,98,93,75,98,95,84,409,152.2,93,93,89,93,92
414,51,87,NA,7,1,2,1,1,98,96,98,92,98,92,100,86,98,95,73,92,94,92,414,153,96,94,96,100,96.5
418,44,87,NA,6,2,2,1,1,100,98,100,77,100,75,100,73,93,91,75,91,93,84,418,152.2,82,91,84,91,87
419,53,55,NA,8,0,2,1,1,98,100,100,74,100,81,100,85,96,93,63,87,89,91,419,149.8,87,94,91,100,93
430,60,45,NA,9,2,3,2,2,100,98,100,70,97,70,98,78,93,89,75,98,98,92,430,158.6,87,95,90,93,91.25
432,65,67,NA,9,0,3,2,2,95,92,97,66,95,69,97,78,86,86,60,85,89,82,432,149.6,75,91,83,91,85
437,42,5,NA,6,2,3,2,2,100,95,93,81,100,79,100,76,90,90,62,81,83,86,437,149.8,71,81,83,83,79.5
447,66,67,NA,9,2,1,1,2,98,88,85,55,97,55,92,74,79,80,62,91,92,88,447,156,74,79,76,88,79.25
459,14,62,NA,2,0,3,2,1,93,100,100,93,100,100,100,79,100,96,93,100,100,100,459,170.4,93,100,93,93,94.75
462,14,56,NA,2,0,3,2,1,86,100,93,86,100,79,100,86,79,90,93,100,93,100,462,169.6,100,100,100,93,98.25
464,36,100,NA,5,NA,3,2,1,92,97,92,94,100,81,100,81,86,91,78,94,94,89,464,163.8,92,97,94,94,94.25
466,17,55,NA,2,0,3,2,1,100,100,100,94,100,82,100,82,100,95,100,94,100,94,466,170.8,100,100,100,100,100
467,18,67,NA,3,1,3,2,1,100,89,89,83,100,72,100,72,72,86,83,94,100,83,467,165.4,83,94,94,89,90
468,48,82,NA,7,2,3,2,1,96,98,94,69,98,71,100,85,71,87,79,90,100,96,468,166.6,88,98,92,90,92
471,17,50,NA,2,0,2,1,2,94,82,94,100,100,76,100,94,88,92,76,94,94,88,471,164.6,94,94,94,94,94
472,19,54,NA,3,1,2,1,2,95,89,95,84,95,79,89,79,89,88,84,95,100,100,472,170.2,95,100,95,100,97.5
476,25,54,NA,4,0,2,1,2,88,100,92,92,92,80,100,88,68,89,92,96,96,96,476,171.2,100,100,96,100,99
477,33,49,NA,5,0,3,2,1,85,94,94,91,88,85,100,88,82,90,85,97,100,100,477,171.8,94,97,94,88,93.25
484,38,65,NA,5,0,3,2,1,92,92,95,79,95,66,92,79,76,85,63,89,97,92,484,165,87,92,84,84,86.75
486,12,82,NA,2,1,3,2,1,83,92,100,75,91,58,92,75,75,82,75,83,100,100,486,168.8,83,100,83,83,87.25
487,21,45,NA,3,0,3,2,1,90,95,90,81,100,86,95,67,90,88,57,86,95,86,487,162.2,81,81,81,81,81
491,18,65,NA,3,0,3,2,2,78,83,78,78,89,56,89,33,56,71,78,83,89,88,491,165.8,94,94,83,82,88.25
492,51,65,NA,7,0,3,2,2,92,92,92,59,92,51,92,59,73,78,76,86,96,88,492,167.6,90,86,84,90,87.5
495,39,96,NA,6,0,3,2,1,74,87,82,59,82,41,87,64,72,72,64,87,97,72,495,163,72,82,77,74,76.25
497,33,64,NA,5,0,3,2,2,100,88,85,61,91,45,94,58,67,76,79,94,94,91,497,171,82,88,85,82,84.25
498,17,86,NA,2,2,2,1,1,59,76,88,59,94,35,76,41,59,65,88,100,100,82,498,173.6,94,88,82,76,85
499,37,87,NA,5,0,2,1,1,95,97,100,95,97,89,100,65,94,92,86,86,95,92,499,171.6,95,97,89,84,91.25
507,35,65,NA,5,0,2,1,1,86,91,89,80,97,74,97,69,77,84,71,80,91,97,507,169.2,94,100,97,94,96.25
537,23,52,NA,3,0,3,2,2,91,100,100,96,100,87,91,83,100,94,74,96,100,91,537,179.6,96,87,100,96,94.75
538,17,50,NA,2,0,3,2,2,88,100,100,94,100,100,94,76,88,93,82,100,100,94,538,182.8,82,88,100,100,92.5
544,30,24,NA,4,0,3,2,2,93,100,100,77,100,87,100,83,90,92,87,97,93,97,544,183.6,93,83,93,97,91.5
564,45,65,NA,6,2,1,1,1,89,89,78,64,87,49,89,47,64,73,69,82,89,84,564,177.6,84,89,84,87,86
565,69,87,NA,10,0,3,2,1,84,80,80,55,86,39,84,49,51,67,68,78,94,86,565,178.2,84,88,77,74,80.75
566,43,65,NA,6,0,3,2,1,93,81,72,49,88,40,77,47,58,67,58,77,95,74,566,174,67,81,70,77,73.75
567,30,45,NA,4,2,3,2,1,73,77,70,60,77,43,67,40,50,62,67,83,90,77,567,176.8,80,90,72,77,79.75
568,21,65,NA,3,0,3,2,1,86,90,86,71,95,67,86,52,76,79,71,81,95,90,568,181,62,86,71,76,73.75
569,19,86,NA,3,0,3,2,1,84,89,79,68,89,58,95,58,74,77,84,89,95,100,569,187.4,84,84,79,74,80.25
570,53,75,NA,8,2,3,2,1,87,96,94,73,92,74,91,77,85,85,79,85,83,96,570,182.6,89,91,89,87,89
571,17,65,NA,2,0,2,1,1,88,76,82,75,94,65,82,88,82,81,71,76,76,82,571,175.2,82,94,81,82,84.75
572,34,24,NA,5,0,2,1,2,97,91,94,91,97,85,85,76,88,90,82,91,94,76,572,183,97,82,82,97,89.5
573,47,1,NA,7,0,2,1,2,68,89,83,66,85,55,91,57,81,75,62,79,74,83,573,174.2,68,81,66,68,70.75
574,37,55,NA,5,0,3,2,1,73,78,62,57,89,24,73,41,54,61,49,62,68,81,574,166.8,76,76,81,78,77.75
575,40,55,NA,6,0,3,2,1,70,80,68,40,90,23,80,65,69,65,58,63,63,83,575,168.4,78,85,63,78,76
576,38,99,NA,5,0,3,2,1,58,66,61,45,61,11,66,61,55,54,61,63,63,66,576,165.8,58,66,53,55,58
577,31,88,NA,4,0,3,2,1,68,84,81,39,81,26,74,68,71,66,68,71,74,87,577,175.4,61,68,52,74,63.75
578,67,75,NA,10,2,3,2,1,88,88,85,66,93,37,87,75,87,78,85,90,85,88,578,185.2,91,87,90,93,90.25
579,29,65,NA,4,0,3,2,1,79,79,72,48,72,59,69,72,76,70,46,50,64,55,579,158.8,62,46,34,62,51
581,34,55,NA,5,0,3,2,1,76,91,82,62,76,65,88,62,91,77,44,68,65,68,581,165.2,53,74,53,56,59
582,14,86,NA,2,1,3,2,1,79,86,79,29,79,50,71,71,86,70,43,43,64,79,582,162.2,71,71,71,86,74.75
585,35,55,NA,5,0,2,1,1,77,83,77,51,80,54,83,71,57,70,46,51,74,80,585,167.2,69,77,68,69,70.75
587,35,65,NA,5,0,2,1,1,91,86,86,79,94,71,91,80,89,85,74,91,91,91,587,186.8,94,89,80,86,87.25
588,68,65,NA,10,0,2,1,2,97,96,97,85,94,90,91,66,85,89,82,93,93,94,588,190,93,84,84,84,86.25
590,48,87,NA,7,0,3,2,1,100,96,98,81,98,92,94,65,83,90,85,94,94,96,590,191.8,98,81,83,83,86.25
592,18,75,NA,3,0,3,2,1,100,89,89,83,94,50,89,67,67,81,89,83,83,94,592,188.2,83,94,83,94,88.5
626,25,64,NA,4,0,3,2,2,96,84,92,64,84,60,92,64,76,79,76,96,96,84,626,195.6,88,96,88,80,88
629,58,52,NA,8,0,1,1,2,95,93,91,74,90,59,98,74,86,84,86,93,100,97,629,201,93,97,95,98,95.75
632,10,58,NA,1,0,3,2,1,30,70,70,60,100,50,100,60,40,64,60,80,60,80,632,182.4,90,60,70,60,70
633,25,67,NA,4,0,3,2,1,72,76,60,80,80,79,88,72,80,76,92,80,80,88,633,194.6,80,68,58,72,69.5
634,17,99,NA,2,3,3,2,1,65,71,35,82,88,41,94,47,41,63,76,94,94,100,634,199.6,82,65,65,76,72
636,47,65,NA,7,0,3,2,1,81,81,51,64,81,65,89,60,66,71,70,77,68,70,636,184.2,85,74,68,79,76.5
637,50,65,NA,7,0,3,2,1,94,92,88,64,86,61,86,80,92,83,76,70,70,82,637,187,74,80,72,72,74.5
643,27,45,NA,4,0,3,2,2,85,85,78,81,96,67,81,41,59,75,52,59,70,70,643,178.8,63,58,44,37,50.5
652,35,48,NA,5,2,2,1,2,97,97,97,86,94,86,91,69,89,90,82,82,76,80,652,194.4,89,82,89,94,88.5
662,23,25,NA,3,2,2,1,2,96,96,96,91,91,83,100,96,96,94,83,96,91,87,662,203.8,87,91,96,91,91.25
668,12,65,NA,2,1,2,1,1,100,91,91,45,92,58,100,67,83,81,83,92,83,83,668,201.8,83,92,83,75,83.25
690,44,86,NA,6,2,3,2,1,70,77,70,63,80,45,82,50,68,67,70,80,86,93,690,203.8,68,82,77,77,76
692,28,56,NA,4,1,3,2,2,86,82,79,82,96,71,96,50,75,80,54,79,86,89,692,200,71,79,68,57,68.75
693,22,55,NA,3,0,3,2,2,73,77,68,73,77,59,82,32,64,67,76,82,68,82,693,200.2,73,86,68,86,78.25
694,12,88,NA,2,1,3,2,1,83,67,75,67,75,50,83,50,58,68,50,92,100,100,694,207.2,83,75,83,83,81
699,21,65,NA,3,0,3,2,2,81,81,67,86,100,67,76,52,52,74,67,76,81,86,699,201.8,81,86,90,76,83.25
720,25,65,NA,4,1,3,2,1,92,96,88,92,96,60,92,76,88,87,88,88,88,88,720,214.4,96,96,88,88,92
721,16,75,NA,2,1,3,2,1,69,94,100,44,100,50,100,69,75,78,63,81,81,94,721,208,100,81,94,88,90.75
731,34,52,NA,5,0,3,2,2,94,91,85,79,100,74,91,50,76,82,74,79,91,85,731,212,82,85,71,97,83.75
732,29,61,NA,4,0,2,1,2,97,86,83,86,90,69,90,52,79,81,66,83,90,90,732,212.2,86,79,69,83,79.25
733,17,67,NA,2,0,2,1,1,88,88,88,82,100,65,100,59,88,84,88,94,100,82,733,219.4,88,100,88,76,88
742,29,52,NA,4,0,2,1,2,97,93,86,86,97,66,90,66,90,85,83,83,97,97,742,220.4,90,86,90,90,89
751,56,65,NA,8,1,3,2,1,70,82,88,79,91,64,91,57,70,77,79,84,89,87,751,218,80,84,79,77,80
752,13,99,NA,2,2,3,2,1,62,62,85,69,85,46,77,69,54,68,69,69,85,77,752,210.4,85,85,77,77,81
763,17,65,NA,2,1,3,2,2,76,76,82,65,88,65,82,65,71,75,65,76,88,82,763,214.8,82,88,76,94,85
772,20,65,NA,3,2,1,1,1,90,90,95,80,95,75,95,70,85,86,85,100,95,95,772,229.4,90,85,75,95,86.25
776,12,65,NA,2,0,3,2,1,100,83,92,75,100,33,92,58,58,77,58,75,75,75,776,211.8,75,83,58,67,70.75
779,18,25,NA,3,0,3,2,2,94,89,89,89,100,72,94,67,89,87,72,89,78,83,779,220.2,100,89,94,89,93
780,40,5,NA,6,3,3,2,2,95,83,83,70,95,50,93,55,83,78,80,83,75,90,780,221.6,95,93,90,93,92.75
786,24,100,NA,3,1,3,2,1,87,87,83,79,96,62,92,75,75,82,79,88,96,83,786,226.4,79,87,71,91,82
787,38,52,NA,5,2,3,2,1,92,95,92,82,95,76,97,68,82,87,76,84,92,87,787,225.2,92,87,79,82,85
788,28,67,NA,4,0,3,2,1,93,82,75,86,89,75,96,75,82,84,71,93,89,89,788,226,82,93,82,81,84.5
789,51,96,NA,7,0,2,1,1,76,73,57,67,76,53,74,49,49,64,63,71,78,88,789,217.8,76,71,53,53,63.25
799,27,56,NA,4,2,2,1,2,81,81,78,74,89,63,89,70,63,77,67,81,85,78,799,222,78,89,81,74,80.5
809,31,96,NA,4,2,2,1,1,61,65,58,81,87,68,81,29,45,64,61,84,84,84,809,224.4,74,81,61,71,71.75
810,62,65,NA,9,0,3,2,1,79,87,77,69,90,69,94,65,69,78,79,81,82,95,810,229.4,74,87,76,74,77.75
816,21,61,NA,3,0,3,2,1,95,86,86,76,95,71,100,76,86,86,86,90,100,90,816,236.4,76,81,90,90,84.25
817,70,45,NA,10,2,3,2,1,70,80,80,83,84,57,90,59,69,75,59,84,90,81,817,226.2,74,76,76,70,74
822,34,5,NA,5,4,3,2,2,82,85,88,76,91,68,88,65,76,80,76,82,85,85,822,230,76,94,76,71,79.25
835,13,65,NA,2,0,3,2,1,92,92,77,92,92,77,92,69,62,83,69,92,100,92,835,237.6,100,92,100,77,92.25
836,46,64,NA,7,0,3,2,1,93,83,80,72,93,63,85,70,63,78,70,89,91,91,836,235.4,87,93,85,72,84.25
843,18,98,NA,3,NA,3,2,1,67,67,44,67,67,53,56,50,28,55,50,50,78,89,843,222,50,72,83,72,69.25
845,19,87,NA,3,1,3,2,1,89,79,84,42,84,42,53,53,53,64,58,79,100,84,845,233.2,79,84,68,95,81.5
846,10,25,NA,1,0,2,1,2,100,100,100,100,100,100,100,70,100,97,80,100,100,90,846,243.2,100,100,80,70,87.5
847,22,56,NA,3,1,2,1,1,95,77,91,68,95,73,91,86,91,85,91,86,91,91,847,241.2,86,95,77,86,86
848,28,32,NA,4,0,2,1,2,86,79,96,50,93,57,96,68,79,78,89,82,96,89,848,240.8,89,96,78,82,86.25
849,48,65,NA,7,1,3,2,1,88,79,87,60,85,66,79,67,81,77,66,89,91,79,849,234.8,77,81,74,76,77
852,18,65,NA,3,0,3,2,1,89,94,94,78,94,50,94,78,78,83,67,94,94,50,852,231.4,83,83,78,83,81.75
858,38,45,NA,5,2,3,2,2,100,87,87,79,92,76,84,61,74,82,66,92,97,84,858,239.4,79,82,79,82,80.5
869,55,96,NA,8,0,1,1,1,60,53,36,73,82,31,89,62,35,58,60,76,64,89,869,231.6,71,71,53,65,65
870,17,84,NA,2,0,3,2,1,94,88,88,82,100,65,100,94,88,89,71,88,88,100,870,243.4,94,94,94,94,94
877,36,67,NA,5,0,3,2,1,81,86,78,69,83,42,86,64,69,73,75,89,83,91,877,243,89,97,83,69,84.5
878,17,87,NA,2,0,3,2,1,71,82,82,71,88,59,82,76,71,76,65,82,94,100,878,243.8,59,71,53,53,59
879,43,100,NA,6,NA,3,2,1,65,63,63,60,79,36,81,44,58,61,65,74,79,86,879,236.6,84,93,79,84,85
894,11,35,NA,2,0,3,2,2,73,82,73,64,100,73,82,55,73,75,55,73,91,82,894,239,82,82,91,91,86.5
895,28,75,NA,4,0,3,2,1,85,89,86,86,96,68,96,71,82,84,75,100,96,100,895,253.2,96,96,96,96,96
896,18,52,NA,3,1,2,1,1,82,83,83,83,94,61,94,67,83,81,72,100,100,100,896,253.6,100,94,94,94,95.5
897,10,55,NA,1,1,2,1,2,90,100,90,90,100,80,100,80,80,90,80,100,90,100,897,253.4,90,100,100,100,97.5
902,13,65,NA,2,0,2,1,2,92,85,62,85,92,69,92,62,54,77,54,92,92,100,902,248,85,92,77,85,84.75
908,28,65,NA,4,2,3,2,1,86,79,82,79,93,43,93,61,61,75,75,100,89,93,908,253,100,93,79,81,88.25
921,23,58,NA,3,2,3,2,1,91,87,87,74,87,57,83,52,70,76,65,96,91,74,921,249.4,87,91,70,74,80.5
922,50,45,NA,7,0,3,2,1,90,90,90,84,98,70,96,70,82,86,72,84,96,88,922,252.4,76,84,78,76,78.5
927,23,75,NA,3,0,3,2,1,87,74,74,78,91,61,91,65,70,77,78,83,83,96,927,253.4,78,95,74,78,81.25
929,60,65,NA,9,1,3,2,1,97,95,93,81,90,73,97,58,87,86,88,92,83,91,929,256.6,85,88,87,83,85.75
932,19,35,NA,3,0,3,2,2,100,79,84,84,95,79,89,79,83,86,84,89,100,84,932,257.8,100,100,95,95,97.5
937,NA,NA,NA,NA,NA,3,2,NA,NA,NA,NA,NA,NA,NA,NA,NA,NA,NA,NA,NA,NA,NA,NA,NA,NA,NA,NA,NA,NA
7,27,35,0,4,2,3,2,2,85,100,89,78,96,81,89,85,74,86,48,73,81,70,7,55.8,74,63,78,78,73.25
9,60,25,0,9,0,2,1,2,100,83,83,77,85,65,90,62,68,79,68,95,97,83,9,70.4,83,73,67,73,74
15,50,76,0,7,2,2,1,1,96,90,90,74,90,76,86,72,80,84,74,76,84,78,15,65.4,86,72,76,84,79.5
16,47,65,0,7,3,2,1,1,96,98,93,68,100,91,96,63,74,87,81,94,96,89,16,75.2,87,94,85,85,87.75
24,22,45,0,3,0,3,2,2,100,91,91,77,91,91,91,68,91,88,77,77,82,82,24,68.4,91,86,86,91,88.5
39,38,57,0,5,2,3,2,1,87,87,89,92,82,61,92,53,63,78,79,89,95,95,39,79.4,84,89,76,78,81.75
40,10,75,0,1,0,3,2,1,90,80,100,80,100,70,70,80,100,86,70,80,90,80,40,72,80,80,60,80,75
53,45,65,0,6,2,1,1,2,93,80,82,64,91,59,84,87,77,80,84,93,91,84,53,81,95,86,84,82,86.75
54,37,75,0,5,0,3,2,2,92,78,78,65,92,57,86,84,73,78,84,92,89,86,54,81,97,86,84,81,87
68,17,52,0,2,0,3,2,1,100,100,100,100,100,100,100,94,100,99,100,100,100,100,68,93.6,100,100,100,100,100
70,25,65,0,4,1,3,2,1,100,100,100,80,100,92,100,88,100,96,92,100,100,96,70,91.6,96,88,96,100,95
71,10,15,0,1,1,3,2,2,90,100,100,90,100,90,100,100,100,97,80,100,100,100,71,90.2,80,100,90,100,92.5
88,52,58,0,7,0,3,2,2,65,77,73,52,85,48,83,48,56,65,35,75,88,77,88,72.6,90,88,87,83,87
93,32,87,0,5,0,3,2,1,91,59,72,66,84,55,94,63,50,70,48,84,94,94,93,82.6,88,75,81,84,82
94,12,65,0,2,0,2,1,1,100,100,100,92,100,83,100,25,92,88,83,100,100,100,94,95.4,92,92,100,92,94
110,44,65,0,6,2,2,1,1,98,98,98,93,95,84,100,55,84,89,70,91,98,82,110,90.2,84,75,75,82,79
112,35,65,0,5,1,2,1,1,94,83,91,97,91,89,100,71,74,88,63,89,97,89,112,90,86,86,89,100,90.25
114,41,24,0,6,1,3,2,2,98,98,95,90,95,90,100,78,85,92,66,95,98,93,114,93.2,90,93,93,95,92.75
133,37,65,0,5,0,3,2,1,89,100,94,73,100,86,97,95,78,90,51,92,95,86,133,91.4,84,84,84,86,84.5
134,33,67,0,5,2,3,2,1,85,91,94,70,100,73,88,76,67,82,79,100,97,94,134,100.8,94,91,82,79,86.5
140,21,25,0,3,1,3,2,2,100,100,95,95,100,95,100,86,90,96,81,100,95,90,140,101.2,95,95,95,95,95
163,17,98,0,2,NA,3,2,1,59,88,82,41,100,53,94,53,65,71,71,65,71,94,163,92.8,88,94,59,71,78
164,19,65,0,3,2,3,2,1,89,89,79,68,95,53,89,74,79,80,79,84,95,79,164,100.2,79,74,74,63,72.5
179,25,45,0,4,2,3,2,2,100,88,92,100,76,92,92,72,84,88,88,96,100,84,179,109.4,96,96,92,100,96
188,57,48,0,8,0,3,2,1,72,79,89,58,86,54,81,61,68,72,58,79,88,88,188,100.2,70,75,79,82,76.5
189,44,100,0,6,NA,2,1,1,68,75,86,59,82,55,80,61,70,71,55,86,86,86,189,100.4,70,70,80,82,75.5
191,24,65,0,3,1,2,1,2,71,67,75,54,83,35,96,54,62,66,63,75,75,75,191,95.8,79,83,79,71,78
195,13,45,0,2,0,2,1,2,100,69,92,92,100,62,92,62,69,82,77,85,92,85,195,106.8,54,54,38,46,48
212,18,67,0,3,1,3,2,1,83,94,89,50,83,56,89,83,83,79,56,78,94,94,212,106.8,72,83,61,61,69.25
213,11,56,0,2,1,3,2,1,100,100,100,82,100,64,91,82,91,90,82,100,100,100,213,119,100,100,100,100,100
215,61,54,0,9,3,3,2,2,85,95,97,77,100,72,97,92,90,89,62,93,95,28,215,98.6,75,79,70,70,73.5
226,18,50,0,3,0,1,1,2,94,100,100,72,100,83,94,89,100,93,89,100,100,89,226,120.8,100,100,89,89,94.5
243,22,67,0,3,0,3,2,2,100,86,76,71,90,67,90,52,67,78,62,76,90,67,243,107.6,86,86,76,81,82.25
249,28,87,0,4,1,3,2,1,93,79,79,57,96,57,86,57,64,74,79,86,96,86,249,119.2,89,89,82,86,86.5
252,30,49,0,4,0,3,2,1,100,100,100,87,93,87,97,67,90,91,53,90,93,70,252,111.6,87,93,73,83,84
269,20,35,0,3,0,3,2,2,100,100,95,90,95,80,95,60,85,89,80,95,95,95,269,126.8,95,100,100,95,97.5
273,24,48,0,3,2,3,2,1,100,100,100,75,100,79,88,79,96,91,67,87,96,96,273,123.8,71,67,63,54,63.75
274,23,65,0,3,0,3,2,1,96,91,87,65,100,65,91,65,78,82,70,70,87,87,274,117.6,87,78,78,74,79.25
293,51,33,0,7,2,2,1,2,98,94,94,86,98,88,96,80,96,92,73,92,96,80,293,126.8,88,86,84,90,87
304,39,100,0,6,NA,2,1,1,69,74,56,79,85,64,100,77,62,74,67,82,82,85,304,124,74,79,62,69,71
305,25,85,0,4,0,2,1,1,72,68,52,80,80,56,100,76,68,72,68,80,76,84,305,122.6,76,80,64,64,71
323,54,56,0,8,0,3,2,2,76,63,65,59,85,61,89,78,57,70,74,80,80,91,323,129.6,83,81,68,83,78.75
324,59,88,0,8,0,3,2,1,80,64,39,64,80,44,86,63,46,63,68,73,75,83,324,124.6,78,56,64,80,69.5
325,58,45,0,8,2,3,2,1,72,72,55,52,88,41,93,84,55,68,62,72,69,77,325,121,78,66,72,74,72.5
343,31,100,0,4,0,3,2,1,94,100,97,68,84,65,90,65,87,83,61,94,100,94,343,138.4,90,97,90,90,91.75
347,14,67,0,2,0,3,2,1,93,86,86,71,100,79,100,71,79,85,79,86,93,93,347,139.6,79,100,71,71,80.25
349,19,61,0,3,0,3,2,2,95,95,100,63,89,42,95,79,89,83,79,89,100,89,349,141.2,74,89,74,68,76.25
365,11,56,0,2,2,3,2,1,100,64,55,73,73,27,45,36,55,59,27,73,73,73,365,122.2,73,73,73,91,77.5
366,37,65,0,5,1,3,2,1,84,65,62,62,84,41,68,41,51,62,46,76,84,70,366,128.4,86,84,81,76,81.75
378,10,45,0,1,0,2,1,2,90,70,60,70,80,50,70,40,60,66,20,60,60,50,378,113.6,50,60,70,40,55
386,19,76,0,3,0,2,1,1,89,100,95,74,89,79,79,37,74,80,47,84,89,89,386,139,89,79,89,95,88
387,60,65,0,9,0,2,1,1,93,90,95,90,93,67,88,58,87,85,80,97,98,95,387,151.4,95,82,88,98,90.75
408,39,35,0,6,0,3,2,2,100,97,92,79,97,72,100,79,82,89,72,87,92,82,408,148.2,95,87,95,97,93.5
422,36,15,0,5,2,3,2,2,100,100,100,83,100,72,100,83,100,93,72,94,89,86,422,152.6,83,94,89,92,89.5
436,41,56,0,6,0,3,2,2,100,98,95,88,100,90,100,93,93,95,78,95,98,95,436,160.4,90,83,80,85,84.5
451,18,65,0,3,2,1,1,1,83,78,78,78,94,67,94,50,59,76,67,78,89,83,451,153.6,78,83,83,83,81.75
452,69,65,0,10,2,3,2,1,90,93,96,86,96,77,97,78,83,88,68,83,96,87,452,157.2,87,91,81,83,85.5
454,27,67,0,4,1,3,2,2,78,85,93,85,93,74,93,67,81,83,59,78,96,85,454,154.4,85,93,81,78,84.25
475,17,24,0,2,1,3,2,2,94,100,100,88,100,76,100,76,94,92,94,88,94,100,475,170.2,94,94,94,94,94
481,15,48,0,2,0,3,2,2,87,100,100,93,93,67,100,87,80,90,80,87,100,100,481,169.6,80,100,73,67,80
496,11,48,0,2,0,3,2,2,91,64,64,55,73,55,73,55,64,66,45,82,91,64,496,155.6,73,91,55,64,70.75
506,51,52,0,7,0,3,2,2,100,100,100,94,100,90,98,92,86,96,80,96,100,92,506,174.8,86,94,84,88,88
516,12,62,0,2,0,2,1,1,100,100,100,100,92,92,100,75,92,94,83,100,100,83,516,176.4,83,92,75,83,83.25
517,22,56,0,3,1,2,1,1,95,100,95,100,95,91,91,59,86,90,100,95,100,100,517,182.4,86,95,73,86,85
529,12,65,0,2,0,2,1,1,75,92,100,42,100,67,92,58,83,79,92,100,100,92,529,182.6,67,100,67,67,75.25
530,14,100,0,2,2,3,2,1,100,100,93,93,100,71,100,79,92,92,100,93,100,100,530,184.6,93,100,93,93,94.75
541,46,57,0,7,1,3,2,2,91,96,91,78,98,78,76,70,85,85,72,87,85,87,541,174.4,76,83,74,78,77.75
555,29,65,0,4,1,3,2,2,100,100,97,97,100,100,97,83,100,97,86,97,100,97,555,187,90,100,86,90,91.5
586,57,25,0,8,0,3,2,2,84,74,72,65,81,65,84,82,81,76,44,72,72,74,586,169.6,81,70,75,77,75.75
600,43,4,0,6,5,3,2,2,91,79,74,63,91,44,86,60,84,75,86,79,56,86,600,181.4,86,95,88,91,90
608,38,100,0,5,NA,3,2,1,74,83,74,63,95,53,79,50,53,69,61,76,79,74,608,179.6,87,84,55,71,74.25
609,29,57,0,4,0,3,2,2,83,83,86,69,93,69,79,62,79,78,79,79,79,66,609,182.4,83,86,79,69,79.25
610,10,45,0,1,0,3,2,1,80,90,90,80,100,70,70,80,90,83,90,60,60,70,610,178,80,80,80,70,77.5
619,23,45,0,3,2,2,1,1,96,96,96,96,100,96,91,83,96,94,78,74,78,86,619,187,83,70,83,96,83
620,48,75,0,7,0,2,1,1,90,92,90,81,98,83,94,71,77,86,58,73,83,85,620,183.8,63,54,54,60,57.75
641,52,65,0,7,1,2,1,2,77,85,81,73,88,58,79,52,69,74,50,67,75,67,641,180,62,69,50,56,59.25
655,39,65,0,6,0,3,2,1,100,85,82,82,95,85,90,66,77,85,59,72,77,62,655,185,74,72,82,85,78.25
656,25,100,0,4,2,3,2,1,92,84,80,72,88,64,80,64,72,77,52,68,84,76,656,187.2,72,56,80,84,73
674,13,32,0,2,0,3,2,2,85,92,85,46,100,62,100,62,85,79,77,85,77,100,674,202.6,77,100,77,69,80.75
677,26,76,0,4,0,1,1,1,85,77,81,77,85,42,88,65,81,76,62,81,100,77,677,199.4,85,85,81,88,84.75
679,61,75,0,9,2,3,2,1,89,82,74,62,89,46,87,44,69,71,62,79,85,89,679,198.8,77,87,80,77,80.25
698,17,35,0,2,0,3,2,2,76,88,88,65,88,82,88,59,82,80,41,82,100,76,698,199.4,65,59,47,65,59
700,21,86,0,3,2,3,2,1,76,86,86,71,90,57,86,57,52,74,62,76,90,86,700,202.8,67,90,76,71,76
702,28,84,0,4,1,3,2,1,96,100,96,86,100,75,96,64,75,88,75,89,79,93,702,207.6,89,93,89,82,88.25
708,37,75,0,5,0,3,2,1,78,84,84,84,92,64,86,49,73,77,70,92,89,89,708,209.6,84,95,92,92,90.75
710,24,65,0,3,1,3,2,1,67,96,83,83,87,88,92,50,88,81,79,92,92,96,710,213.8,83,88,83,83,84.25
725,37,82,0,5,0,2,1,1,92,95,84,73,94,73,92,65,84,83,86,95,97,89,725,218.4,95,84,86,95,90
737,14,56,0,2,0,2,1,1,93,93,100,93,100,86,100,79,100,94,86,79,93,79,737,214.8,93,86,93,93,91.25
738,25,25,0,4,0,2,1,2,84,92,96,76,96,76,96,68,80,85,68,96,84,80,738,213.2,72,88,72,68,75
739,28,96,0,4,0,3,2,1,93,82,82,75,82,50,86,61,71,76,71,82,89,100,739,216.2,86,96,86,79,86.75
757,23,76,0,3,0,3,2,1,83,74,65,87,91,74,96,70,70,79,74,83,83,95,757,218.4,91,91,70,68,80
760,21,65,0,3,0,3,2,1,86,90,86,81,100,76,100,81,86,87,86,95,95,86,760,224.4,86,86,71,86,82.25
761,13,87,0,2,2,3,2,1,92,92,100,85,100,69,100,77,92,90,77,100,100,85,761,224.6,92,92,77,77,84.5
785,26,67,0,4,3,3,2,1,100,88,85,69,92,54,92,65,88,82,88,73,65,96,785,221.4,85,88,92,85,87.5
791,25,86,0,4,0,3,2,1,72,52,40,48,68,36,60,40,32,50,60,60,64,84,791,211.8,76,60,48,48,58
792,29,52,0,4,0,3,2,1,83,79,72,76,83,55,83,55,69,73,76,83,59,72,792,216.4,97,93,100,93,95.75
798,64,56,0,9,2,3,2,2,84,81,75,80,89,59,88,61,69,76,64,81,75,83,798,220.2,80,86,77,78,80.25
800,25,86,0,4,0,2,1,1,100,84,76,84,88,52,80,52,72,76,56,76,80,84,800,219.2,76,76,64,80,74
802,22,82,0,3,0,2,1,1,82,77,86,86,82,68,95,73,73,80,77,82,68,86,802,223,73,82,68,73,74
814,10,100,0,1,2,2,1,1,80,70,70,40,100,50,90,50,50,67,50,70,90,80,814,220.8,100,70,70,70,77.5
825,13,100,0,2,0,3,2,1,85,85,92,69,85,69,77,54,69,76,85,85,69,92,825,231.2,100,100,100,92,98
827,34,100,0,5,NA,3,2,1,62,91,94,82,85,74,94,88,82,84,61,88,91,79,827,229.2,82,91,68,73,78.5
842,35,65,0,5,0,3,2,1,89,80,94,83,91,60,97,77,91,85,80,91,97,91,842,240.2,97,94,89,89,92.25
853,23,49,0,3,0,1,1,2,91,100,100,87,100,87,96,91,96,94,100,100,100,100,853,250.6,100,100,96,100,99
855,26,64,0,4,0,3,2,1,96,92,88,77,88,69,81,81,77,83,69,88,92,88,855,238.4,88,85,73,85,82.75
856,32,61,0,5,0,3,2,1,91,94,81,81,91,78,97,56,77,83,41,81,84,56,856,223.6,69,72,81,75,74.25
876,47,96,0,7,0,3,2,1,80,77,72,72,85,64,91,70,72,76,74,89,94,87,876,244,74,87,77,68,76.5
883,21,76,0,3,0,3,2,1,95,90,86,86,100,76,95,76,67,86,62,90,95,100,883,246,100,90,71,67,82
886,13,56,0,2,1,3,2,1,100,100,100,62,100,69,100,85,92,90,77,85,62,92,886,240.4,77,92,92,75,84
900,65,35,0,9,0,3,2,2,84,74,65,63,97,51,92,62,57,72,56,84,91,94,900,245,92,94,85,83,88.5
905,10,86,0,1,0,2,1,1,60,50,60,60,50,30,50,33,44,49,40,70,60,90,905,233,50,70,40,30,47.5
911,26,65,0,4,0,2,1,1,85,58,58,69,77,38,81,50,54,63,50,73,92,77,911,240.6,65,81,69,58,68.25
914,46,57,0,7,1,2,1,1,87,93,91,80,93,67,93,74,72,84,72,87,80,87,914,248,93,96,89,91,92.25
915,61,65,0,9,4,3,2,1,84,77,80,56,82,36,82,61,70,70,61,82,80,90,915,245.6,79,92,82,70,80.75
926,29,75,0,4,0,3,2,1,90,76,83,79,89,69,79,45,69,75,69,83,79,83,926,248,66,86,62,72,71.5
931,58,75,0.01,8,0,3,2,1,70,84,90,86,91,69,86,66,67,79,64,81,81,86,931,248.6,81,97,79,76,83.25
4,43,65,0.02,6,0,3,2,1,93,93,88,60,98,67,88,47,81,80,42,93,98,84,4,64.2,70,67,70,70,69.25
22,40,67,0.02,6,0,3,2,2,90,95,88,78,93,75,90,65,83,84,68,88,90,80,22,69.6,83,73,85,83,81
33,10,57,0.02,1,0,3,2,1,100,100,100,50,100,60,90,70,80,83,70,100,90,70,33,72.6,90,90,100,100,95
61,17,65,0.02,2,2,3,2,1,100,94,94,76,100,76,88,76,94,89,82,100,94,94,61,86.2,100,100,100,100,100
69,24,35,0.02,3,1,3,2,2,100,100,100,96,100,92,100,92,100,98,87,100,100,92,69,89.6,100,92,100,100,98
85,65,65,0.02,9,0,2,1,1,77,85,81,75,67,63,78,75,48,72,29,68,88,83,85,70.6,65,68,86,88,76.75
86,65,75,0.02,9,1,2,1,2,68,66,58,54,62,42,65,58,38,57,27,51,65,63,86,58.4,57,55,60,71,60.75
106,26,67,0.02,4,0,2,1,1,96,92,96,77,88,69,96,35,80,81,62,77,88,62,106,79,81,88,73,65,76.75
125,40,100,0.02,6,NA,3,2,1,90,83,90,70,93,83,53,69,63,77,58,83,93,85,125,88.8,88,88,95,93,91
138,41,56,0.02,6,0,3,2,2,85,95,98,78,85,76,95,61,85,84,73,93,98,73,138,95,71,73,61,66,67.75
158,37,82,0.02,5,0,3,2,1,92,89,95,73,92,72,97,78,84,86,73,84,86,89,158,98,89,92,84,81,86.5
178,20,25,0.02,3,0,1,1,2,95,90,90,85,95,85,95,70,80,87,60,90,95,75,178,99.6,80,95,70,85,82.5
185,18,100,0.02,3,2,3,2,1,78,78,72,50,83,50,89,44,61,67,56,72,83,72,185,93.6,89,89,100,100,94.5
207,22,100,0.02,3,0,3,2,1,77,86,77,59,82,68,91,68,59,74,55,82,95,95,207,106.8,86,95,95,91,91.75
211,16,25,0.02,2,0,3,2,2,94,94,81,44,100,44,94,75,75,78,81,81,88,100,211,112.2,81,94,81,75,82.75
237,11,98,0.02,2,NA,3,2,1,100,64,73,100,82,55,82,45,45,72,45,82,91,73,237,105.6,82,73,64,82,75.25
242,43,67,0.02,6,1,3,2,2,100,91,88,72,95,77,84,67,74,83,63,84,93,79,242,112.2,88,81,84,91,86
268,15,100,0.02,2,1,3,2,1,87,80,87,73,87,53,79,33,53,70,67,73,80,80,268,113.6,100,93,100,100,98.25
291,15,57,0.02,2,1,3,2,2,87,80,87,67,93,60,93,60,80,79,53,87,87,67,291,117,93,87,87,67,83.5
300,20,56,0.02,3,0,3,2,1,90,70,70,65,95,50,85,50,65,71,45,75,80,95,300,119,85,75,75,80,78.75
318,69,65,0.02,10,1,3,2,1,86,72,57,77,93,68,93,78,57,76,71,79,72,86,318,125.2,81,81,68,77,76.75
339,34,45,0.02,5,1,3,2,1,94,100,94,74,97,68,97,76,88,88,62,94,100,88,339,136.6,88,91,85,94,89.5
348,26,65,0.02,4,0,3,2,2,100,92,96,88,88,73,92,69,88,88,88,96,100,100,348,146.4,92,100,85,81,89.5
362,16,86,0.02,2,2,3,2,1,69,75,69,69,50,38,75,44,60,61,44,56,81,75,362,123.6,81,81,75,81,79.5
382,32,86,0.02,5,0,2,1,1,100,84,66,53,81,16,78,38,16,59,41,69,69,75,382,127.2,81,81,81,66,77.25
401,61,45,0.02,9,0,2,1,2,95,85,82,56,97,54,93,75,67,78,43,72,88,75,401,135.8,82,85,80,89,84
435,69,24,0.02,10,0,2,1,2,96,97,99,81,97,83,97,91,96,93,71,91,91,87,435,155,90,96,87,87,90
445,18,54,0.02,3,1,3,2,1,100,94,94,83,94,67,100,78,89,89,83,100,100,83,445,162.2,94,100,94,89,94.25
474,23,45,0.02,3,2,3,2,2,91,96,100,78,96,78,100,61,91,88,87,87,91,96,474,167,96,96,91,91,93.5
494,51,35,0.02,7,2,3,2,2,84,88,86,71,94,57,94,55,76,78,73,96,98,84,494,169,76,88,86,90,85
513,31,56,0.02,4,2,1,1,1,94,87,94,77,97,68,97,77,87,86,74,87,81,77,513,166.4,84,81,71,77,78.25
526,27,75,0.02,4,0,3,2,1,89,89,89,74,100,67,96,59,74,82,89,93,96,93,526,179.4,89,100,96,89,93.5
540,15,26,0.02,2,2,3,2,2,93,100,100,93,100,100,93,67,73,91,80,100,100,100,540,184,87,93,93,87,90
583,44,61,0.02,6,0,3,2,2,66,91,82,66,86,68,84,61,84,76,77,72,81,86,583,179.8,77,80,82,70,77.25
604,49,65,0.02,7,0,3,2,1,92,96,96,92,98,85,94,59,88,89,71,86,90,88,604,187.8,90,82,86,90,87
635,51,48,0.02,7,0,3,2,2,59,61,37,53,73,35,74,51,31,53,37,43,35,57,635,161.4,65,37,39,59,50
642,25,87,0.02,4,0,3,2,1,68,84,84,64,80,48,76,64,80,72,48,76,80,64,642,182,60,80,56,76,68
672,30,82,0.02,4,0,2,1,1,87,87,87,67,83,57,90,77,70,78,53,80,83,90,672,195.6,73,83,69,63,72
697,47,65,0.02,7,2,2,1,2,87,83,85,85,94,72,87,57,72,80,81,94,96,93,697,212.2,85,91,85,74,83.75
723,14,75,0.02,2,1,2,1,1,93,100,100,79,100,57,100,64,79,86,86,93,100,86,723,217.6,100,86,93,100,94.75
736,20,35,0.02,3,0,3,2,2,95,100,90,80,100,75,100,75,90,89,95,95,100,95,736,224.2,95,100,95,100,97.5
754,17,57,0.02,2,0,3,2,1,65,88,82,59,100,59,100,65,59,75,82,88,88,88,754,220,88,88,94,82,88
783,69,67,0.02,10,2,1,1,1,88,91,90,78,93,65,96,75,85,84,81,84,73,87,783,221.6,81,94,72,79,81.5
784,55,25,0.02,8,2,2,1,2,93,87,82,65,96,56,95,67,85,81,73,87,76,87,784,221.4,82,87,75,71,78.75
812,41,87,0.02,6,0,2,1,1,83,73,78,85,88,63,90,61,61,76,71,73,76,85,812,223.4,78,83,73,76,77.5
841,26,65,0.02,4,1,1,1,1,77,88,88,88,85,65,96,62,73,80,77,88,77,96,841,235.8,92,96,77,81,86.5
851,20,45,0.02,3,0,1,1,2,85,85,80,65,85,50,80,45,70,72,75,85,95,85,851,238.2,85,95,85,85,87.5
874,59,35,0.02,8,1,1,1,1,86,80,81,76,86,56,86,59,78,77,83,85,75,83,874,240,92,93,90,69,86
899,38,67,0.02,5,0,1,1,2,92,82,84,79,92,65,89,68,74,81,82,95,95,87,899,251.6,89,92,84,79,86
904,25,35,0.02,4,1,2,1,1,96,96,92,80,96,68,96,88,80,88,76,92,100,100,904,254.4,84,88,88,80,85
925,51,65,0.02,7,0,1,1,1,92,96,94,82,94,82,94,80,88,89,86,88,82,92,925,254.6,86,92,84,88,87.5
1,13,100,0.03,2,0,3,2,1,100,100,100,85,100,92,92,77,77,91,92,92,92,92,1,73.8,92,92,85,92,90.25
28,12,58,0.03,2,0,1,1,1,100,75,58,75,75,67,58,50,42,67,50,83,100,67,28,65.6,58,75,67,67,66.75
49,10,62,0.03,1,0,1,1,1,90,100,100,100,100,100,100,100,100,99,100,100,100,100,49,89.8,100,100,100,100,100
82,24,58,0.03,3,0,1,1,1,63,67,67,63,58,54,63,54,46,59,46,42,75,71,82,63.2,54,58,54,54,55
103,42,65,0.03,6,1,1,1,1,93,90,90,83,93,62,93,62,83,83,74,88,100,67,103,86.4,81,86,81,83,82.75
122,60,96,0.03,9,0,2,1,1,70,77,83,47,83,57,51,70,62,67,32,73,85,80,122,78.4,72,75,80,90,79.25
155,47,100,0.03,7,NA,2,1,1,94,89,83,79,94,77,91,68,66,82,53,77,89,81,155,91,83,85,74,79,80.25
180,56,65,0.03,8,0,2,1,1,96,93,91,70,95,65,96,79,87,86,64,86,98,93,180,104.2,84,89,89,87,87.25
231,46,56,0.03,7,0,1,1,1,93,100,91,83,91,80,98,89,89,91,76,89,100,85,231,116.2,80,91,91,93,88.75
262,13,49,0.03,2,1,1,1,1,100,100,100,69,100,92,92,67,92,90,77,100,100,85,262,124.8,85,92,85,85,86.75
292,45,67,0.03,6,0,1,1,1,98,96,91,84,96,82,93,58,87,87,67,78,78,69,292,116.8,71,67,76,78,73
312,66,75,0.03,9,3,3,2,1,79,59,45,70,80,53,88,45,35,62,47,62,61,77,312,111.8,73,68,58,61,65
333,31,86,0.03,4,0,2,1,1,81,74,80,68,94,71,77,58,68,74,71,87,87,73,333,130.2,74,71,68,65,69.5
359,37,65,0.03,5,1,1,1,1,81,65,62,70,78,49,73,59,49,65,41,65,76,70,359,122.2,73,76,76,76,75.25
379,21,75,0.03,3,1,1,1,1,100,86,71,81,90,71,95,67,76,82,57,95,90,86,379,141.4,76,81,90,71,79.5
427,54,65,0.03,8,0,1,1,1,100,100,100,89,96,85,98,81,100,94,81,100,98,93,427,159.8,93,98,94,94,94.75
510,40,56,0.03,6,2,3,2,1,98,98,100,95,100,93,98,74,85,93,85,95,93,83,510,173.2,88,98,93,95,93.5
522,13,65,0.03,2,0,2,1,1,69,85,85,85,85,92,85,46,69,78,54,69,77,69,522,158.2,77,77,62,77,73.25
597,14,45,0.03,2,0,2,1,1,100,93,86,79,100,71,93,64,86,86,79,79,71,79,597,181,71,71,71,86,74.75
638,49,56,0.03,7,1,2,1,1,84,90,88,63,78,61,71,65,76,75,67,78,76,76,638,187,63,69,65,63,65
669,22,100,0.03,3,0,2,1,1,77,77,73,68,91,45,82,55,59,70,59,64,77,68,669,187.4,68,77,59,55,64.75
2,41,67,0.04,6,0,2,1,1,93,98,93,90,100,88,90,59,85,88,59,80,88,83,2,62.4,83,85,85,85,84.5
13,30,25,0.04,4,0,2,1,2,100,100,97,77,100,83,97,80,97,92,80,93,100,67,13,70.6,80,70,60,67,69.25
25,17,58,0.04,2,1,1,1,1,88,76,76,65,88,41,82,41,47,67,76,82,88,88,25,71.8,82,82,76,76,79
31,14,75,0.04,2,1,1,1,1,93,93,93,79,86,86,86,79,93,87,86,100,100,93,31,82,93,100,100,93,96.5
43,57,65,0.04,8,2,1,1,1,95,93,91,70,95,64,96,77,88,85,67,86,98,93,43,77.4,84,89,89,88,87.5
55,19,87,0.04,3,1,1,1,1,58,53,56,32,74,21,53,53,16,46,32,53,79,53,55,54.4,63,68,58,53,60.5
59,20,24,0.04,3,0,1,1,2,95,100,95,95,100,80,95,90,100,94,95,95,90,90,59,85.8,100,85,90,100,93.75
76,28,85,0.04,4,1,1,1,1,57,71,68,71,68,63,68,54,52,64,57,68,75,68,76,68.8,61,79,61,61,65.5
83,42,48,0.04,6,0,1,1,1,71,81,67,71,81,69,67,76,60,71,50,64,88,76,83,72.2,88,74,81,90,83.25
97,70,67,0.04,10,1,3,2,1,94,84,86,69,91,61,96,74,76,81,63,89,91,86,97,85.2,89,87,81,87,86
104,45,65,0.04,6,2,3,2,1,93,89,89,82,91,67,98,33,75,80,51,73,89,58,104,75,84,87,80,76,81.75
117,13,52,0.04,2,1,3,2,1,85,77,92,69,100,62,85,69,69,79,77,85,100,77,117,91.2,85,85,85,85,85
123,65,88,0.04,9,1,2,1,1,80,78,85,63,80,74,49,71,62,71,32,72,88,78,123,78.6,80,68,75,78,75.25
128,30,65,0.04,4,1,2,1,2,76,80,87,60,87,50,80,60,70,72,72,93,93,87,128,94.6,93,87,86,90,89
139,34,87,0.04,5,0,2,1,1,100,97,91,97,100,94,97,71,79,92,62,91,88,82,139,92.4,76,82,79,79,79
156,44,57,0.04,6,0,3,2,1,98,93,89,70,95,75,91,75,84,86,75,89,93,91,156,100.8,89,84,84,80,84.25
162,36,2,0.04,5,0,3,2,2,75,89,81,56,97,53,92,64,72,75,75,75,83,86,162,96.2,83,83,67,67,75
170,39,61,0.04,6,0,3,2,1,95,95,85,90,95,77,90,59,82,85,85,95,97,77,170,104.8,85,90,77,85,84.25
181,35,52,0.04,5,0,1,1,1,97,94,89,66,97,60,97,80,83,85,57,89,97,94,181,103.6,83,89,91,89,88
193,26,88,0.04,4,1,3,2,1,88,65,73,73,81,73,81,46,69,72,58,77,92,81,193,100.2,85,81,73,69,77
199,56,65,0.04,8,0,3,2,2,84,79,91,57,89,46,93,89,73,78,68,93,91,96,199,109.4,95,100,93,95,95.75
219,48,65,0.04,7,0,3,2,1,90,92,96,73,98,67,94,92,75,86,62,90,96,46,219,102.6,83,71,77,85,79
232,47,45,0.04,7,0,3,2,1,96,96,94,77,94,66,94,94,89,89,68,89,98,81,232,113.6,74,81,81,87,80.75
235,33,61,0.04,5,2,3,2,2,100,85,84,82,88,67,88,61,67,80,64,94,97,88,235,115.6,88,79,76,82,81.25
256,50,65,0.04,7,2,3,2,1,96,90,90,74,90,76,86,72,80,84,74,76,84,78,256,113.6,86,72,76,84,79.5
257,47,58,0.04,7,0,2,1,2,79,66,49,36,72,64,83,32,30,57,40,68,87,72,257,104.8,68,74,60,66,67
266,39,65,0.04,6,0,2,1,1,82,69,62,59,72,49,69,36,46,60,54,87,90,77,266,114.8,85,77,67,77,76.5
278,69,75,0.04,10,2,2,1,1,96,96,91,75,99,78,90,54,80,84,51,90,97,86,278,120.4,77,74,75,74,75
281,45,24,0.04,6,0,3,2,2,91,100,98,84,100,78,93,61,96,89,71,91,96,84,281,124.6,93,82,89,93,89.25
298,36,56,0.04,5,0,3,2,1,86,100,97,69,94,81,89,78,92,87,75,81,72,72,298,119.6,92,94,94,89,92.25
309,67,86,0.04,10,0,1,1,1,81,61,43,64,73,63,88,57,52,65,69,70,63,79,309,118,66,52,55,64,59.25
313,62,65,0.04,9,0,2,1,2,82,74,61,84,95,68,98,76,66,78,63,82,68,84,313,122,92,81,71,90,83.5
314,65,75,0.04,9,1,2,1,1,89,68,48,63,83,45,95,69,49,68,46,65,62,78,314,113,77,66,72,72,71.75
329,18,57,0.04,3,2,1,1,1,67,61,56,94,83,72,89,78,56,73,72,67,78,83,329,125.8,61,94,56,67,69.5
335,11,65,0.04,2,0,1,1,1,100,100,100,64,100,91,100,45,73,86,73,100,100,91,335,139.8,91,73,82,64,77.5
337,53,57,0.04,8,3,1,1,2,87,92,91,79,91,79,92,62,81,84,66,87,87,98,337,135,79,85,83,83,82.5
357,18,75,0.04,3,0,1,1,2,94,89,89,89,83,78,94,61,78,84,89,100,94,89,357,145.8,89,94,100,100,95.75
360,27,100,0.04,4,0,2,1,1,70,63,59,78,59,41,63,56,44,59,30,70,70,56,360,117.2,85,85,93,78,85.25
372,56,65,0.04,8,1,1,1,1,98,86,84,68,98,63,80,43,61,76,59,91,98,88,372,141.6,77,88,79,71,78.75
380,19,65,0.04,3,2,3,2,1,84,58,63,53,79,58,79,53,58,65,63,58,74,74,380,129.8,74,68,68,63,68.25
391,13,45,0.04,2,0,1,1,2,69,77,77,85,92,62,85,31,62,71,77,85,85,77,391,143,77,46,85,69,69.25
398,30,65,0.04,4,0,3,2,1,97,90,93,73,100,67,97,77,93,87,73,93,97,97,398,151.6,80,83,90,90,85.75
416,38,45,0.04,5,1,3,2,2,95,89,92,55,95,58,89,71,82,81,71,92,95,84,416,151.6,92,97,95,95,94.75
426,64,50,0.04,9,0,3,2,2,97,98,95,75,97,72,98,86,89,90,72,95,97,94,426,156.8,94,95,97,98,96
431,35,84,0.04,5,1,2,1,1,100,97,97,71,94,77,97,86,83,89,51,77,80,86,431,145,74,86,77,94,82.75
443,36,65,0.04,5,2,2,1,2,94,97,97,83,97,72,94,78,89,89,72,97,100,89,443,160.2,91,97,94,86,92
456,21,65,0.04,3,0,2,1,1,95,100,95,71,100,81,100,71,81,88,81,90,90,86,456,160.6,71,71,67,57,66.5
465,12,24,0.04,2,0,3,2,2,100,100,100,100,100,92,100,92,92,97,92,92,100,92,465,168.2,100,100,100,92,98
488,11,65,0.04,2,1,3,2,2,100,91,91,82,100,64,91,55,82,84,73,100,100,100,488,172.2,91,100,100,91,95.5
511,37,76,0.04,5,0,3,2,1,92,89,86,73,95,78,95,68,73,83,69,84,81,84,511,165.8,89,86,92,92,89.75
521,21,75,0.04,3,1,1,1,1,100,95,90,76,100,90,86,62,81,87,76,95,90,95,521,175.4,100,90,90,90,92.5
523,23,65,0.04,3,1,3,2,1,87,87,96,78,100,91,100,61,83,87,74,87,91,83,523,171.6,91,87,87,96,90.25
524,24,36,0.04,3,1,3,2,2,96,100,100,96,100,96,92,88,96,96,87,100,100,96,524,181.4,92,92,87,96,91.75
534,40,75,0.04,6,0,3,2,1,88,90,90,80,95,70,93,80,83,85,80,88,90,83,534,175,95,93,92,98,94.5
551,15,33,0.04,2,0,3,2,2,93,100,93,87,93,87,100,80,93,92,60,100,100,93,551,180.8,87,93,100,80,90
554,18,50,0.04,3,0,3,2,1,89,89,100,83,100,78,94,83,89,90,83,94,100,94,554,185,83,89,83,94,87.25
560,34,35,0.04,5,1,3,2,2,85,100,97,74,100,79,100,76,91,89,82,94,91,97,560,184.8,88,97,85,91,90.25
596,52,61,0.04,7,0,2,1,2,94,94,92,69,90,56,94,73,96,84,69,73,63,87,596,177.6,88,90,88,83,87.25
601,57,56,0.04,8,0,2,1,1,91,88,93,72,86,61,95,72,86,83,79,81,72,89,601,184.4,82,91,82,81,84
616,20,75,0.04,3,0,2,1,1,100,90,90,90,95,95,90,75,90,91,75,85,85,95,616,191.2,80,85,80,85,82.5
621,52,25,0.04,7,0,3,2,2,90,88,87,79,94,75,90,75,81,84,65,76,76,83,621,184.2,82,86,81,81,82.5
627,23,100,0.04,3,0,3,2,1,91,83,83,65,91,61,83,65,74,77,74,83,91,78,627,190.6,78,87,83,78,81.5
639,33,96,0.04,5,2,1,1,1,82,91,85,61,73,55,66,58,79,72,58,73,67,67,639,180.8,55,61,58,55,57.25
649,14,49,0.04,2,0,2,1,2,93,100,100,79,100,86,100,50,100,90,79,100,93,79,649,200,86,64,71,64,71.25
661,67,75,0.04,10,2,2,1,1,100,96,90,88,97,91,96,85,89,92,70,90,91,87,661,199.8,82,82,88,90,85.5
670,30,98,0.04,4,NA,1,1,1,87,63,70,57,90,40,70,33,60,63,63,67,60,80,670,188,53,77,67,53,62.5
685,25,48,0.04,4,0,1,1,2,72,84,72,68,80,40,84,48,64,68,60,84,88,84,685,200.2,84,92,76,72,81
686,17,100,0.04,2,2,1,1,1,65,94,88,76,94,59,88,41,82,76,88,76,76,82,686,201.6,100,94,88,94,94
707,36,99,0.04,5,4,1,1,1,67,69,72,72,92,47,75,42,56,66,67,81,83,81,707,203.8,58,89,69,58,68.5
714,12,100,0.04,2,0,2,1,1,50,67,83,58,50,42,25,0,58,48,58,67,58,83,714,196,83,83,75,92,83.25
717,11,25,0.04,2,0,1,1,2,91,100,100,82,100,91,100,91,90,94,82,100,91,91,717,216.2,91,100,91,100,95.5
728,25,24,0.04,4,0,3,2,2,96,96,92,84,100,84,100,68,84,89,60,96,96,76,728,211.2,72,76,76,68,73
745,31,67,0.04,4,2,1,1,1,74,94,94,77,84,77,90,58,94,82,74,87,90,77,745,214.6,81,94,84,81,85
755,27,55,0.04,4,0,3,2,2,63,67,67,52,70,22,52,11,56,51,70,85,78,100,755,217.6,78,93,85,93,87.25
769,32,65,0.04,5,0,3,2,1,100,100,97,94,100,94,100,63,84,92,72,88,88,69,769,217.2,88,91,84,88,87.75
775,12,67,0.04,2,0,3,2,2,83,92,75,75,92,67,92,67,67,79,75,83,100,100,775,226.6,83,75,75,64,74.25
795,14,67,0.04,2,1,2,1,1,93,86,100,93,100,79,100,57,57,85,71,93,86,79,795,224.8,93,86,86,86,87.75
805,55,98,0.04,8,NA,2,1,1,75,76,64,75,87,47,84,47,60,68,62,75,76,73,805,218.2,82,84,76,67,77.25
819,40,45,0.04,6,2,2,1,2,78,80,88,83,95,63,93,45,73,77,60,90,90,90,819,229.8,67,95,72,69,75.75
831,25,52,0.04,4,2,3,2,1,84,88,96,80,92,76,96,72,88,86,80,92,80,88,831,234.2,84,100,88,72,86
838,45,45,0.04,6,0,3,2,2,87,89,91,78,89,71,78,82,89,84,78,89,87,98,838,238,91,91,93,89,91
863,47,67,0.04,7,0,3,2,1,96,94,89,79,98,74,91,70,87,87,83,98,94,89,863,245.4,89,98,94,96,94.25
875,31,65,0.04,4,2,1,1,2,81,84,84,61,81,39,71,39,71,68,61,81,71,87,875,235,77,94,77,68,79
885,10,15,0.04,1,1,3,2,2,80,60,60,70,70,30,80,50,50,61,90,90,70,100,885,247,70,90,80,70,77.5
891,14,82,0.04,2,1,3,2,1,71,100,100,71,93,64,86,36,93,79,79,64,64,86,891,236.8,86,86,86,79,84.25
918,18,75,0.04,3,0,3,2,1,72,56,56,61,72,56,83,56,56,63,61,83,78,94,918,246.8,83,94,72,67,79
923,24,5,0.04,3,3,3,2,2,96,100,96,83,100,83,96,83,83,91,79,100,96,92,923,258,88,92,92,92,91
6,25,54,0.05,4,2,3,2,1,100,100,96,76,100,80,88,76,92,90,68,88,96,96,6,70.8,72,68,60,56,64
36,22,75,0.05,3,0,3,2,1,95,77,91,68,95,73,91,86,91,85,91,86,91,91,36,79,86,95,77,86,86
64,16,65,0.05,2,0,2,1,1,94,100,88,81,88,69,88,69,75,83,50,100,100,88,64,80.4,63,63,81,81,72
87,24,100,0.05,3,0,2,1,1,33,54,42,42,46,42,42,58,17,42,25,46,54,67,87,55.8,38,42,46,54,45
107,34,100,0.05,5,0,2,1,1,88,88,94,88,76,68,100,62,68,81,50,76,91,59,107,76.6,94,94,97,94,94.75
126,28,65,0.05,4,2,3,2,1,86,96,100,61,93,75,82,86,86,85,68,93,96,93,126,95.2,89,86,93,93,90.25
160,44,65,0.05,6,0,3,2,1,84,95,89,73,93,58,98,70,80,82,73,84,98,84,160,99.8,91,93,82,89,88.75
186,18,96,0.05,3,0,1,1,1,89,67,67,83,83,72,89,83,56,77,50,89,100,89,186,102.8,94,89,78,83,86
209,20,56,0.05,3,0,2,1,1,90,100,100,85,100,85,95,85,85,92,90,100,100,95,209,118.8,95,95,100,100,97.5
246,23,76,0.05,3,0,2,1,1,96,96,91,78,96,70,87,52,78,83,78,74,96,78,246,114.4,83,74,74,83,78.5
270,28,76,0.05,4,0,1,1,1,86,100,89,79,96,82,89,86,75,87,50,74,81,71,270,109.2,75,61,79,79,73.5
302,23,75,0.05,3,1,1,1,1,87,70,74,83,87,65,87,39,61,72,65,87,96,100,302,130,87,74,83,74,79.5
319,69,65,0.05,10,1,1,1,1,81,67,49,67,80,49,86,77,54,68,57,80,74,80,319,122,78,64,58,78,69.5
340,28,65,0.05,4,0,1,1,1,86,86,86,68,89,71,89,75,79,81,68,89,93,86,340,135.2,89,89,89,86,88.25
363,48,82,0.05,7,0,2,1,1,79,73,79,79,85,50,83,63,67,73,56,83,81,79,363,132.4,75,81,69,75,75
383,15,58,0.05,2,1,1,1,1,93,87,87,67,93,40,80,33,40,69,40,80,93,67,383,132.6,60,73,53,40,56.5
449,61,76,0.05,9,2,3,2,1,98,98,97,66,98,56,98,84,82,86,62,85,95,87,449,155.6,79,84,82,90,83.75
514,28,65,0.05,4,0,1,1,1,89,93,93,89,93,82,93,75,93,89,70,86,82,75,514,165.4,75,86,67,79,76.75
527,22,49,0.05,3,0,1,1,1,100,91,100,86,100,68,95,77,95,90,91,95,100,86,527,179.8,82,86,91,82,85.25
606,42,75,0.05,6,0,1,1,1,83,90,93,79,93,76,88,55,76,81,79,83,81,83,606,186.4,80,79,76,81,79
653,18,65,0.05,3,0,1,1,1,94,94,88,89,100,83,100,44,89,87,83,94,100,83,653,202.6,94,94,94,89,92.75
675,17,100,0.05,2,1,2,1,1,53,82,76,47,76,53,65,35,59,61,59,65,76,65,675,188,76,88,59,59,70.5
17,47,65,0.08,7,0,3,2,2,79,66,49,36,72,64,83,32,30,57,40,68,87,72,17,56.8,68,74,60,66,67
27,33,87,0.08,5,0,3,2,1,79,64,52,73,58,58,61,33,58,59,42,70,82,70,27,58.2,55,73,55,70,63.25
48,54,76,0.08,8,1,3,2,1,98,89,91,80,81,74,89,39,85,81,87,89,89,65,48,75.6,81,96,83,83,85.75
62,15,75,0.08,2,0,2,1,2,93,87,87,67,100,73,93,60,87,83,80,93,100,100,62,87,93,87,80,73,83.25
81,36,65,0.08,5,1,2,1,1,47,61,50,56,53,44,58,47,33,50,36,42,64,58,81,56.2,56,42,39,47,46
101,41,82,0.08,6,0,2,1,1,93,83,95,88,100,78,98,71,78,87,63,88,98,93,101,88.6,83,88,88,88,86.75
121,31,75,0.08,4,0,3,2,1,87,90,87,90,97,77,87,71,94,87,77,87,100,100,121,97,81,97,81,94,88.25
130,22,65,0.08,3,0,3,2,2,95,86,91,77,95,73,95,91,77,87,95,100,100,100,130,105,100,86,95,91,93
142,14,65,0.08,2,0,3,2,1,93,93,93,79,86,86,86,79,93,87,86,100,100,93,142,104.2,93,100,100,93,96.5
167,33,56,0.08,5,1,1,1,2,97,88,91,85,85,67,85,64,82,82,81,97,94,91,167,106,94,91,85,82,88
173,65,57,0.08,9,2,3,2,1,85,80,88,86,89,71,77,42,66,76,75,88,95,92,173,104.6,88,98,89,94,92.25
198,12,52,0.08,2,0,3,2,1,92,100,100,83,100,75,100,58,75,87,100,92,92,92,198,114.8,75,92,92,75,83.5
202,44,76,0.08,6,0,3,2,1,86,95,91,55,98,52,93,70,70,79,55,86,95,95,202,106.6,77,86,70,70,75.75
204,18,57,0.08,3,2,3,2,2,89,100,100,44,100,50,89,83,78,81,50,89,94,100,204,107.4,72,100,78,67,79.25
221,25,99,0.08,4,3,3,2,1,72,80,76,60,92,52,80,64,76,72,72,76,92,44,221,101,76,84,68,76,76
238,20,65,0.08,3,0,3,2,2,100,80,85,85,85,70,90,70,75,82,85,100,100,80,238,120.6,85,70,55,65,68.75
260,49,67,0.08,7,0,2,1,1,96,98,94,69,100,92,96,65,76,87,80,94,96,90,260,124,88,94,86,86,88.5
263,20,58,0.08,3,1,2,1,2,80,70,70,60,75,70,75,65,65,70,65,75,75,75,263,110.6,85,85,75,75,80
282,25,45,0.08,4,1,2,1,1,88,88,84,68,100,79,80,72,80,82,76,88,88,88,282,124.4,84,84,80,92,85
287,38,50,0.08,5,0,3,2,2,95,92,84,87,95,92,92,84,87,90,79,97,95,97,287,131,87,89,100,95,92.75
311,50,75,0.08,7,0,3,2,1,86,72,64,84,90,58,94,76,62,76,60,88,76,88,311,124.6,70,68,52,66,64
316,47,65,0.08,7,0,1,1,2,81,74,47,68,91,46,96,62,47,68,57,79,64,85,316,120.2,79,57,53,72,65.25
332,29,67,0.08,4,2,2,1,1,100,97,97,76,97,79,97,55,69,85,69,76,86,68,332,126.2,83,86,69,72,77.5
342,20,45,0.08,3,0,2,1,2,95,95,95,80,100,75,100,60,85,87,55,85,95,95,342,134.4,95,100,85,90,92.5
369,31,56,0.08,4,1,1,1,2,94,94,87,74,90,65,90,45,90,81,61,94,94,94,369,142.4,74,94,84,77,82.25
375,35,87,0.08,5,0,1,1,1,86,74,77,77,80,74,86,54,60,74,60,94,94,76,375,139.8,71,89,97,86,85.75
393,11,66,0.08,2,0,1,1,2,100,100,100,82,100,55,100,73,82,88,82,100,100,100,393,155,91,73,100,82,86.5
400,27,75,0.08,4,0,1,1,1,96,93,93,78,100,74,93,81,74,87,67,89,93,85,400,146.8,78,74,85,81,79.5
420,52,45,0.08,7,2,2,1,2,98,92,90,77,92,67,92,79,79,85,56,87,88,75,420,145.2,73,79,69,79,75
429,40,25,0.08,6,0,1,1,2,100,100,100,80,98,83,100,93,98,94,73,95,98,90,429,157,88,93,93,98,93
446,55,57,0.08,8,2,3,2,2,93,96,95,76,98,67,98,75,84,87,64,87,91,78,446,153.2,69,80,71,69,72.25
458,54,49,0.08,8,0,1,1,1,91,98,98,85,96,85,100,80,93,92,81,96,96,89,458,164,94,98,93,93,94.5
470,13,33,0.08,2,0,1,1,2,100,100,100,100,100,92,100,85,100,97,100,100,100,100,470,174,100,100,100,100,100
490,11,25,0.08,2,0,1,1,2,91,100,100,91,100,91,100,73,91,93,82,100,100,100,490,174.4,100,100,100,100,100
536,18,48,0.08,3,0,1,1,2,94,94,94,89,100,78,100,78,78,90,78,89,89,78,536,174,100,100,88,94,95.5
542,29,82,0.08,4,2,2,1,1,79,93,90,83,100,83,93,66,79,85,83,93,97,83,542,179.6,83,93,90,86,88
562,25,1,0.08,4,0,3,2,2,84,80,68,72,84,60,84,72,68,75,76,68,80,84,562,174,84,80,80,76,80
563,22,65,0.08,3,0,3,2,1,82,91,91,77,86,77,100,59,82,83,55,82,86,91,563,175.4,86,82,77,82,81.75
618,17,66,0.08,2,2,3,2,1,100,94,88,94,94,94,76,76,82,89,82,88,82,88,618,191.6,71,71,65,76,70.75
623,16,12,0.08,2,1,2,1,2,88,88,75,69,100,63,94,75,69,80,75,94,94,88,623,194.8,69,81,69,75,73.5
631,30,100,0.08,4,0,2,1,1,73,60,40,73,80,47,97,60,57,65,67,67,67,77,631,181.8,87,87,70,80,81
651,44,35,0.08,6,0,2,1,2,91,93,89,80,86,73,86,64,86,83,82,95,89,82,651,199.8,82,89,93,77,85.25
667,23,82,0.08,3,0,3,2,1,78,87,83,74,87,61,83,61,78,77,70,91,78,91,667,199.4,87,91,78,70,81.5
689,35,100,0.08,5,NA,3,2,1,77,77,74,63,83,60,69,51,69,69,66,77,69,86,689,197.4,79,91,83,80,83.25
691,15,32,0.08,2,0,3,2,2,80,93,100,80,100,87,93,93,93,91,87,93,93,100,691,212.8,87,100,87,87,90.25
716,35,65,0.08,5,1,1,1,1,94,97,97,83,91,71,97,66,91,88,71,91,89,89,716,211.2,69,83,80,80,78
719,26,25,0.08,4,0,3,2,2,77,88,81,85,92,77,88,77,73,82,62,92,92,81,719,209.2,81,77,77,81,79
730,14,65,0.08,2,0,3,2,2,93,86,93,100,100,79,100,64,79,88,64,86,79,86,730,209,64,64,57,64,62.25
750,52,65,0.08,7,0,3,2,1,83,90,94,85,90,71,90,60,87,83,77,79,85,90,750,216.2,77,88,77,79,80.25
758,69,35,0.08,10,0,3,2,2,90,94,94,87,96,83,97,75,88,89,81,90,84,88,758,220.2,90,91,91,88,90
771,13,67,0.08,2,0,3,2,1,92,85,85,85,92,92,85,69,77,85,85,92,92,85,771,225,85,85,77,85,83
778,15,45,0.08,2,2,3,2,2,87,87,87,93,93,87,100,80,80,88,67,87,93,93,778,223.6,60,100,67,47,68.5
807,13,100,0.08,2,0,2,1,1,46,77,69,69,85,69,77,38,69,67,62,69,77,77,807,218.4,85,85,85,77,83
821,26,65,0.08,4,1,2,1,2,96,85,88,73,92,54,96,77,73,82,58,85,96,88,821,229.6,92,92,92,73,87.25
834,11,100,0.08,2,0,2,1,1,55,82,91,91,91,64,91,64,82,79,36,45,91,82,834,217.6,64,64,36,27,47.75
844,25,75,0.08,4,0,3,2,2,92,88,88,75,84,54,92,64,76,79,76,88,84,72,844,232.8,80,80,68,80,77
868,26,96,0.08,4,2,3,2,1,81,69,42,73,92,54,92,65,50,69,77,85,85,100,868,243,92,69,73,73,76.75
889,12,45,0.08,2,0,1,1,2,83,92,100,92,100,83,100,50,92,88,83,83,92,92,889,247.8,100,100,92,92,96
893,52,65,0.08,7,0,2,1,1,87,92,87,87,94,81,90,50,75,82,60,83,87,65,893,237.6,65,63,58,63,62.25
920,39,64,0.08,6,0,2,1,1,92,92,90,74,92,59,90,55,72,80,68,92,95,90,920,253,67,85,72,67,72.75
930,24,67,0.08,3,0,1,1,2,88,79,96,100,92,83,96,63,88,87,83,92,92,79,930,255.2,92,92,92,96,93
21,55,65,0.09,8,0,1,1,2,96,91,95,84,96,87,91,78,87,89,71,87,82,82,21,68.6,85,80,91,87,85.75
67,29,55,0.09,4,0,1,1,2,100,100,97,97,100,100,97,83,100,97,86,97,100,97,67,89.4,90,100,86,90,91.5
78,17,32,0.09,2,1,1,1,2,100,94,100,100,94,76,88,65,100,91,100,100,88,82,78,89.6,88,100,94,88,92.5
136,19,58,0.09,3,2,2,1,2,58,53,56,32,74,21,53,53,16,46,32,53,79,53,136,70.6,63,68,58,53,60.5
174,29,66,0.09,4,1,1,1,2,97,93,93,93,90,86,93,79,86,90,90,97,97,97,174,111,93,76,62,79,77.5
208,19,64,0.09,3,2,3,2,2,68,79,89,63,95,63,95,74,74,78,53,84,89,89,208,104.6,79,89,79,74,80.25
241,20,2,0.09,3,1,1,1,2,100,75,70,80,85,75,75,55,60,75,60,85,95,80,241,112.2,80,85,80,85,82.5
290,37,24,0.09,5,2,1,1,2,95,95,95,78,97,81,92,89,86,90,73,86,92,78,290,123.8,84,95,86,81,86.5
346,16,35,0.09,2,0,1,1,2,81,100,94,94,100,69,100,69,87,88,88,100,100,88,346,144.4,88,94,69,81,83
396,54,50,0.09,8,0,1,1,2,98,100,98,81,98,76,98,74,94,91,72,98,98,91,396,151,85,94,91,89,89.75
433,56,24,0.09,8,0,2,1,2,96,96,96,82,96,79,95,84,88,90,80,96,96,84,433,157.8,93,93,89,95,92.5
473,38,26,0.09,5,1,3,2,2,97,100,100,89,100,76,100,79,95,93,92,95,100,97,473,171.4,95,95,97,100,96.75
493,50,2,0.09,7,7,3,2,2,82,88,90,50,92,50,90,56,76,75,72,86,88,94,493,166.6,94,92,90,92,92
539,22,24,0.09,3,2,3,2,2,95,100,100,95,100,100,86,64,100,93,82,100,100,95,539,183.2,86,95,91,91,90.75
580,46,42,0.09,7,0,2,1,2,85,83,80,61,89,59,85,80,89,79,61,62,67,80,580,170,80,89,54,76,74.75
630,19,25,0.09,3,0,2,1,2,100,100,95,89,89,84,100,89,89,93,89,100,95,95,630,201.8,95,95,95,100,96.25
696,30,45,0.09,4,0,2,1,2,87,83,83,83,87,67,87,67,80,80,70,70,90,80,696,201.2,80,93,73,73,79.75
722,11,57,0.09,2,0,3,2,1,100,82,82,82,100,64,100,64,73,83,55,73,73,100,722,204.6,82,100,64,91,84.25
734,61,54,0.09,9,2,3,2,2,95,95,92,87,98,74,93,74,80,88,74,87,90,90,734,215,89,87,89,87,88
753,26,76,0.09,4,0,3,2,1,77,88,92,96,88,77,92,46,85,82,81,88,92,92,753,221.2,73,81,69,73,74
781,22,67,0.09,3,0,1,1,2,100,77,86,86,86,77,86,59,55,79,68,73,91,82,781,219,95,95,91,95,94
782,17,65,0.09,2,1,3,2,1,94,88,88,88,94,76,94,76,76,86,71,76,94,76,782,219.8,88,88,88,88,88
811,23,96,0.09,3,0,3,2,1,70,65,65,61,74,39,57,39,57,58,65,65,83,83,811,221.4,61,65,48,52,56.5
839,47,67,0.09,7,4,3,2,1,91,91,91,81,91,81,96,68,85,86,62,81,79,72,839,226.6,70,77,79,77,75.75
850,23,35,0.09,3,0,3,2,2,91,96,96,87,96,83,87,78,87,89,83,91,91,91,850,241.2,78,91,87,78,83.5
873,25,100,0.09,4,1,3,2,1,44,58,56,44,44,16,40,16,36,39,56,72,56,76,873,226.6,84,92,88,76,85
898,52,18,0.09,7,1,3,2,2,81,77,88,63,90,54,92,46,50,71,60,84,92,92,898,245.2,67,85,73,70,73.75
901,50,75,0.09,7,4,2,1,1,84,72,66,56,98,46,92,62,58,70,57,82,90,92,901,244.4,94,94,86,82,89
924,46,76,0.09,7,0,2,1,1,91,98,96,85,91,72,96,72,85,87,70,83,72,84,924,246.6,85,96,76,83,85
5,10,25,0.1,1,0,2,1,2,100,100,100,100,100,100,100,70,100,97,80,100,100,90,5,75,100,100,80,70,87.5
11,18,52,0.1,3,0,3,2,1,100,89,89,61,94,72,89,50,83,81,94,94,100,94,11,78.6,78,94,67,67,76.5
38,29,54,0.1,4,0,3,2,1,97,93,93,93,90,86,93,79,90,90,93,97,97,97,38,84.4,97,79,66,83,81.25
52,45,67,0.1,6,0,1,1,2,84,87,80,67,91,59,82,64,56,74,64,71,87,69,52,68.6,80,67,67,69,70.75
65,10,84,0.1,1,0,2,1,1,100,100,100,60,100,60,100,78,90,88,40,100,100,100,65,81,90,89,80,80,84.75
90,54,96,0.1,8,0,2,1,1,67,74,72,56,94,44,89,56,56,67,48,76,94,83,90,78.2,80,83,83,81,81.75
108,25,100,0.1,4,1,1,1,1,76,84,88,64,84,64,92,68,72,77,72,76,96,72,108,84.8,80,92,80,68,80
111,12,56,0.1,2,0,1,1,2,100,92,92,92,100,100,100,58,100,93,67,92,92,67,111,85.8,83,75,75,83,79
127,27,65,0.1,4,1,1,1,1,93,96,96,67,100,56,96,89,89,87,70,93,100,96,127,97.2,93,96,85,92,91.5
144,52,1,0.1,7,2,1,1,2,83,88,83,69,88,63,84,60,58,75,67,73,87,71,144,88.4,81,65,69,71,71.5
149,42,54,0.1,6,1,2,1,2,83,86,86,98,100,86,100,86,74,89,80,95,95,100,149,103.8,90,85,98,95,92
161,38,65,0.1,5,2,1,1,1,89,95,92,82,95,66,89,53,84,83,71,82,89,82,161,97,82,79,74,87,80.5
184,39,65,0.1,6,0,3,2,2,87,62,59,66,72,59,82,62,45,66,38,77,90,85,184,94.8,90,87,85,87,87.25
187,20,100,0.1,3,0,1,1,1,65,90,70,65,90,75,85,60,70,74,75,80,85,80,187,101.4,75,85,75,75,77.5
210,34,61,0.1,5,0,1,1,1,88,94,85,47,91,50,91,79,79,78,68,79,91,97,210,109,76,88,71,68,75.75
218,46,61,0.1,7,1,1,1,2,89,91,96,52,98,54,98,85,80,83,52,98,98,39,218,101,91,54,78,85,77
245,35,35,0.1,5,2,1,1,2,100,91,86,74,97,77,86,51,71,82,60,83,91,80,245,111.8,94,91,69,86,85
247,10,85,0.1,1,0,2,1,1,80,70,80,60,80,70,80,40,60,69,40,50,60,40,247,87.4,33,30,40,40,35.75
250,39,1,0.1,6,0,3,2,2,97,77,76,54,92,49,82,72,77,75,77,90,92,95,250,120.8,82,87,82,79,82.5
264,52,58,0.1,7,0,3,2,2,83,77,73,73,87,71,88,50,62,74,56,73,73,67,264,106.6,67,73,71,73,71
272,18,45,0.1,3,0,3,2,1,100,100,94,78,100,94,89,72,78,89,72,78,89,89,272,120,72,89,89,83,83.25
295,38,24,0.1,5,0,2,1,2,95,92,92,95,95,95,95,87,92,93,82,89,92,87,295,129,92,92,95,97,94
297,35,65,0.1,5,2,2,1,2,89,91,86,71,97,71,86,57,89,82,69,83,83,74,297,121.2,71,80,83,80,78.5
303,25,85,0.1,4,0,2,1,1,76,92,76,84,88,72,92,80,72,81,84,92,88,96,303,132.6,76,72,72,76,74
321,57,58,0.1,8,0,3,2,2,88,68,56,77,88,48,89,77,53,72,84,86,75,82,321,129.6,82,82,70,84,79.5
322,43,86,0.1,6,1,3,2,1,88,63,58,63,86,47,95,51,52,67,77,74,74,81,322,125.6,79,70,70,70,72.25
341,70,45,0.1,10,0,3,2,1,96,99,96,80,93,76,96,66,89,88,61,90,99,91,341,136.4,87,91,84,84,86.5
352,14,35,0.1,2,0,1,1,2,100,100,100,79,93,57,86,71,100,87,71,100,100,100,352,144.6,100,86,93,100,94.75
354,16,32,0.1,2,0,3,2,2,100,94,100,94,100,69,100,75,100,92,94,100,100,88,354,147.2,81,88,88,94,87.75
364,21,65,0.1,3,0,3,2,1,95,76,76,71,90,67,76,33,57,71,52,95,86,76,364,134.6,71,81,81,86,79.75
377,11,75,0.1,2,0,3,2,2,91,82,64,73,64,73,82,64,64,73,64,82,82,82,377,137.4,73,91,91,91,86.5
384,11,65,0.1,2,1,3,2,1,73,82,100,82,91,45,100,36,45,73,55,73,91,100,384,140.6,55,73,45,55,57
410,50,25,0.1,7,0,3,2,2,94,98,90,90,100,90,98,80,88,92,70,90,96,88,410,150.8,74,90,78,88,82.5
412,47,5,0.1,7,0,3,2,2,98,100,100,68,94,78,100,87,100,92,79,96,91,87,412,153,87,91,85,91,88.5
421,34,32,0.1,5,1,2,1,2,100,100,100,79,100,74,100,97,97,94,79,94,88,85,421,153.4,94,94,94,94,94
438,46,65,0.1,7,0,2,1,2,96,93,93,72,93,64,91,76,85,85,63,91,91,89,438,154.4,89,89,89,91,89.5
440,35,25,0.1,5,0,2,1,2,100,94,97,80,97,77,94,88,91,91,49,89,89,91,440,151.6,71,83,77,97,82
448,52,65,0.1,7,1,3,2,2,94,88,81,48,96,52,94,67,71,77,48,83,83,81,448,148.6,69,73,77,79,74.5
450,53,84,0.1,8,2,3,2,1,92,96,94,85,94,77,96,70,87,88,81,92,96,91,450,162,91,94,83,87,88.75
478,12,35,0.1,2,2,1,1,2,100,92,92,92,100,100,100,75,92,94,100,100,100,83,478,172.2,100,100,100,100,100
480,43,45,0.1,6,2,2,1,2,91,95,95,91,95,70,98,84,84,89,79,84,98,88,480,165.8,93,98,81,86,89.5
500,52,24,0.1,7,0,2,1,2,98,92,96,92,100,85,90,69,83,90,75,88,94,90,500,169.4,83,92,81,83,84.75
502,58,24,0.1,8,2,1,1,2,95,91,93,86,97,88,95,84,88,91,76,84,90,90,502,168.4,90,91,93,95,92.25
505,59,33,0.1,8,0,1,1,2,93,93,93,86,95,90,97,83,88,91,78,86,88,86,505,168.6,88,95,91,90,91
515,34,56,0.1,5,0,1,1,1,97,100,97,100,94,91,94,65,88,92,94,97,100,94,515,180,85,94,74,85,84.5
528,38,65,0.1,5,0,1,1,1,76,87,86,82,97,74,89,61,74,81,71,79,89,76,528,168.6,70,76,76,76,74.5
545,16,65,0.1,2,0,2,1,2,81,88,88,75,94,81,88,60,87,82,69,75,88,81,545,171.6,94,81,94,94,90.75
547,25,50,0.1,4,2,1,1,2,100,100,100,80,100,92,100,88,100,96,92,100,100,96,547,187,96,88,96,100,95
553,17,65,0.1,2,1,3,2,2,94,100,88,82,88,71,88,71,76,84,53,100,100,88,553,178.8,65,65,82,82,73.5
589,20,65,0.1,3,0,1,1,2,90,95,95,95,85,85,85,70,90,88,75,90,90,90,589,186.8,80,90,85,85,85
593,24,52,0.1,3,0,1,1,2,96,88,79,50,79,58,88,67,79,76,83,92,88,96,593,190.4,96,92,92,88,92
599,53,57,0.1,8,2,1,1,2,98,87,91,75,91,64,89,57,81,81,75,77,75,81,599,181.4,74,81,75,68,74.5
605,66,35,0.1,9,0,1,1,2,91,94,94,74,98,65,94,82,82,86,77,86,83,86,605,187.4,95,89,82,88,88.5
607,16,65,0.1,2,0,2,1,1,100,88,88,100,94,75,94,50,81,85,69,100,100,94,607,194,100,81,100,94,93.75
644,27,56,0.1,4,0,3,2,2,93,93,92,85,96,81,93,89,89,90,70,89,96,78,644,195.4,81,89,74,74,79.5
646,67,57,0.1,10,0,3,2,2,94,96,96,73,97,76,93,57,93,86,75,94,96,87,646,199.6,73,70,67,69,69.75
654,64,65,0.1,9,0,3,2,1,97,84,81,78,92,77,86,65,75,82,56,70,80,67,654,185.4,73,66,81,84,76
673,38,64,0.1,5,0,2,1,2,74,89,82,55,87,61,82,53,74,73,71,76,82,79,673,196.2,79,95,74,71,79.75
676,28,68,0.1,4,2,2,1,1,82,68,71,57,71,43,82,43,57,64,68,68,89,82,676,196.6,68,68,50,61,61.75
695,17,87,0.1,2,0,2,1,1,100,100,100,94,100,76,100,94,100,96,82,100,100,100,695,215.4,94,94,94,94,94
701,11,52,0.1,2,0,3,2,2,100,73,82,82,100,64,100,55,60,79,73,82,100,82,701,207.6,91,100,100,82,93.25
704,26,65,0.1,4,0,3,2,2,92,96,81,77,92,65,88,73,81,83,81,92,92,92,704,212.2,92,100,100,96,97
735,32,75,0.1,5,0,3,2,1,84,91,81,78,94,66,84,72,72,80,72,84,81,91,735,212.6,88,100,91,88,91.75
743,62,65,0.1,9,0,1,1,2,98,90,94,82,87,81,92,66,81,86,85,89,98,94,743,221.8,92,90,90,95,91.75
746,43,25,0.1,6,0,3,2,2,65,91,88,77,83,60,81,35,72,73,63,81,88,86,746,212.8,70,91,74,70,76.25
759,24,58,0.1,3,0,3,2,1,71,83,88,75,87,58,96,48,78,76,83,83,87,96,759,221.6,83,88,75,79,81.25
790,26,65,0.1,4,1,3,2,1,81,92,73,85,85,69,88,58,65,77,65,81,92,92,790,224,76,81,58,58,68.25
797,58,57,0.1,8,0,3,2,1,88,88,84,76,95,57,93,59,78,80,74,84,76,79,797,222,76,84,76,71,76.75
801,12,56,0.1,2,0,3,2,2,58,75,67,83,92,67,100,58,75,75,75,92,42,92,801,220.4,92,100,92,83,91.75
813,34,65,0.1,5,5,3,2,2,85,82,85,74,82,32,85,53,68,72,59,76,68,74,813,218,74,76,68,71,72.25
824,22,100,0.1,3,2,2,1,1,82,82,73,82,95,50,91,64,50,74,55,73,91,95,824,227.6,77,91,91,95,88.5
854,17,100,0.1,2,0,2,1,1,88,76,76,94,82,53,100,59,59,76,71,65,82,76,854,229.6,65,71,65,88,72.25
859,14,25,0.1,2,0,2,1,2,100,100,100,79,100,71,79,43,71,83,86,93,100,71,859,241.8,79,93,64,71,76.75
861,10,5,0.1,1,1,3,2,2,90,100,100,90,100,90,100,100,100,97,80,100,100,100,861,248.2,80,100,90,100,92.5
880,23,96,0.1,3,0,3,2,1,22,57,57,48,74,22,65,17,43,45,43,35,65,74,880,219.4,78,87,78,70,78.25
903,59,65,0.1,8,0,1,1,2,88,92,95,78,98,58,100,76,86,86,74,85,90,92,903,248.8,78,83,78,73,78
907,31,65,0.1,4,0,2,1,2,48,77,65,71,84,58,84,52,58,66,55,90,90,90,907,246.4,87,87,84,81,84.75
910,20,76,0.1,3,0,2,1,1,95,75,70,90,90,55,90,30,60,73,70,70,70,90,910,242,85,85,80,70,80
912,14,26,0.1,2,0,1,1,1,93,100,100,100,93,86,100,86,100,95,93,100,93,93,912,258.2,93,86,86,86,87.75
936,14,82,0.1,2,NA,1,1,1,93,93,100,64,92,64,79,86,86,84,71,86,93,79,936,253,86,79,86,93,86
14,10,35,0.11,1,0,1,1,2,100,90,90,80,100,90,100,50,90,88,40,90,100,50,14,58.8,50,40,40,50,45
26,62,75,0.11,9,0,1,1,1,87,84,76,65,89,58,81,39,69,72,55,84,89,87,26,68.2,79,84,81,81,81.25
46,27,66,0.11,4,1,2,1,1,100,89,93,100,78,93,93,74,85,89,89,96,100,85,46,83.2,96,96,89,100,95.25
60,50,67,0.11,7,3,1,1,2,90,94,94,70,94,70,94,76,72,84,54,88,94,82,60,75.6,70,76,82,78,76.5
77,27,87,0.11,4,0,3,2,1,48,63,36,48,63,44,58,56,33,50,37,52,63,63,77,58.4,52,63,50,52,54.25
99,14,76,0.11,2,0,1,1,1,86,86,86,71,93,57,93,79,86,82,71,93,100,93,99,91.2,86,93,79,93,87.75
118,20,65,0.11,3,2,1,1,1,89,89,100,89,95,65,75,70,80,84,65,65,75,80,118,80.6,75,85,70,75,76.25
129,37,65,0.11,5,0,1,1,2,92,78,78,65,92,57,86,84,73,78,84,92,89,86,129,96,97,86,84,81,87
141,13,64,0.11,2,0,1,1,1,100,92,85,100,100,92,92,46,62,85,31,77,77,69,141,79,46,62,54,54,54
165,24,2,0.11,3,0,2,1,2,79,79,83,71,92,58,87,54,75,75,83,96,100,87,165,106.2,100,100,88,96,96
171,26,85,0.11,4,1,2,1,1,88,92,92,92,81,65,92,62,65,81,85,88,96,96,171,107.2,81,92,69,73,78.75
194,18,64,0.11,3,0,3,2,1,89,83,100,94,100,72,94,50,67,83,78,94,100,94,194,112,78,67,50,61,64
200,14,65,0.11,2,0,3,2,2,79,93,100,71,93,71,93,86,71,84,71,100,93,93,200,111.4,93,100,86,93,93
201,44,67,0.11,6,4,1,1,1,91,91,98,57,93,66,91,91,86,85,61,93,98,98,201,110.2,81,93,84,89,86.75
220,32,25,0.11,5,1,2,1,1,94,91,91,81,97,63,88,72,72,83,63,88,94,44,220,101.8,81,75,84,72,78
236,22,35,0.11,3,0,2,1,2,100,95,90,73,91,73,91,68,77,84,73,100,100,95,236,120.8,91,82,82,82,84.25
258,37,58,0.11,5,1,1,1,2,81,65,51,38,70,62,81,32,35,57,35,62,84,70,258,101.8,73,76,65,73,71.75
259,10,88,0.11,1,1,1,1,1,70,70,40,30,80,70,90,30,10,54,60,90,100,80,259,117.8,50,70,40,40,50
279,52,67,0.11,7,0,1,1,1,96,94,90,67,98,73,90,56,83,83,52,94,98,88,279,122.2,75,73,75,75,74.5
285,24,48,0.11,3,2,1,1,2,92,96,96,83,100,75,100,71,100,90,75,96,96,92,285,128.8,92,79,92,92,88.75
310,53,67,0.11,8,2,2,1,1,91,83,79,87,87,72,91,79,79,83,58,91,74,83,310,123.2,79,66,64,74,70.75
315,59,56,0.11,8,1,1,1,2,80,63,47,66,81,49,85,73,58,67,56,75,61,85,315,118.4,81,75,58,61,68.75
330,57,86,0.11,8,3,3,2,1,79,70,49,75,93,57,88,65,53,70,65,75,70,82,330,124.4,77,67,56,75,68.75
338,43,75,0.11,6,1,1,1,2,95,100,100,84,95,79,98,81,93,92,81,95,98,91,338,140.6,79,93,93,91,89
367,63,56,0.11,9,0,1,1,2,87,83,75,63,87,57,79,40,68,71,56,84,89,87,367,136.6,78,86,79,81,81
373,20,86,0.11,3,0,1,1,1,100,75,70,65,95,55,90,70,70,77,65,90,90,85,373,140.6,70,80,75,90,78.75
392,13,56,0.11,2,1,1,1,2,92,100,100,85,92,46,85,69,100,85,77,92,92,92,392,149,92,85,100,100,94.25
399,50,49,0.11,7,0,2,1,1,100,94,98,80,98,72,98,76,94,90,68,96,100,94,399,151.4,78,86,86,84,83.5
417,43,25,0.11,6,0,2,1,2,98,98,98,88,100,84,100,95,98,95,74,86,93,86,417,151.2,77,86,81,88,83
428,62,45,0.11,9,2,3,2,2,97,90,90,79,97,74,94,81,87,88,63,92,95,82,428,152,84,89,85,95,88.25
444,36,56,0.11,5,0,3,2,2,94,97,94,92,97,72,97,86,89,91,78,94,97,83,444,159.2,91,94,94,94,93.25
457,20,5,0.11,3,3,1,1,1,100,100,100,85,95,90,100,80,100,94,80,100,100,100,457,167.4,95,100,95,95,96.25
469,49,48,0.11,7,1,2,1,2,96,90,96,94,98,82,96,86,92,92,86,96,98,96,469,169,96,98,96,98,97
489,29,5,0.11,4,4,2,1,2,83,90,86,83,93,69,93,48,69,79,79,90,93,93,489,168.8,97,97,90,89,93.25
532,40,48,0.11,6,0,1,1,2,93,95,95,88,98,85,98,90,95,93,90,90,90,78,532,176,95,90,98,95,94.5
535,18,100,0.11,3,2,1,1,1,83,89,89,72,94,61,89,83,89,83,83,83,89,83,535,174.6,89,83,94,100,91.5
552,10,35,0.11,1,0,1,1,2,100,100,100,60,100,60,100,78,90,88,40,100,100,100,552,178.4,90,89,80,80,84.75
558,67,65,0.11,10,2,1,1,1,90,96,96,79,99,79,96,79,91,89,82,93,90,95,558,183.6,87,91,87,91,89
561,28,35,0.11,4,0,2,1,2,86,93,82,71,93,68,93,64,79,81,71,86,86,85,561,177.8,75,86,75,78,78.5
598,29,35,0.11,4,0,1,1,2,86,72,69,59,83,59,83,66,62,71,55,66,69,83,598,174.2,66,76,83,79,76
617,22,66,0.11,3,0,3,2,1,86,91,95,82,100,73,95,86,86,88,73,86,91,86,617,190.6,77,82,73,82,78.5
622,36,4,0.11,5,5,1,1,2,97,97,100,83,83,75,94,75,97,89,78,92,94,94,622,196,92,94,89,92,91.75
628,22,45,0.11,3,0,1,1,1,100,100,95,64,95,82,95,86,82,89,68,77,82,77,628,186.4,82,86,91,82,85.25
650,47,65,0.11,7,3,1,1,2,89,98,89,62,98,74,91,53,81,82,79,94,94,89,650,201.2,79,83,64,70,74
666,57,65,0.11,8,0,1,1,1,82,84,80,66,89,54,86,60,72,75,68,81,79,81,666,195,79,86,72,65,75.5
687,64,35,0.11,9,2,2,1,2,84,84,83,77,91,56,88,42,69,75,70,69,78,80,687,196.8,72,91,75,72,77.5
688,27,100,0.11,4,0,2,1,1,77,81,70,59,78,41,81,48,48,65,63,78,81,85,688,199,67,74,63,63,66.75
715,16,82,0.11,2,1,3,2,1,94,100,100,56,100,69,100,75,81,86,69,94,94,81,715,210.6,94,100,94,94,95.5
718,24,61,0.11,3,2,3,2,2,96,96,96,83,88,62,96,54,92,85,67,88,87,88,718,209.6,58,75,75,71,69.75
729,16,24,0.11,2,0,1,1,2,88,94,100,81,100,88,94,81,88,90,80,100,100,100,729,221.8,88,100,88,88,91
749,34,87,0.11,5,0,2,1,1,68,82,88,88,82,71,85,47,74,76,74,97,88,88,749,219.2,94,97,85,79,88.75
756,32,55,0.11,5,1,2,1,2,94,97,94,94,97,81,94,91,97,93,94,94,91,94,756,225.8,100,88,94,100,95.5
770,24,64,0.11,3,0,1,1,1,96,92,92,87,96,88,92,54,83,87,52,88,92,83,770,217,79,79,70,83,77.75
777,10,56,0.11,1,0,1,1,2,40,60,60,60,60,40,80,20,10,48,60,70,60,90,777,211.4,70,90,90,90,85
796,53,65,0.11,8,3,1,1,1,77,77,77,87,91,74,91,55,75,78,79,85,89,85,796,226.8,85,94,79,79,84.25
806,31,98,0.11,4,NA,1,1,1,58,68,74,71,81,55,74,58,52,66,65,77,71,90,806,221.8,90,68,71,71,75
820,20,75,0.11,3,0,2,1,2,85,80,100,75,90,65,95,55,75,80,80,85,85,95,820,233,65,75,60,65,66.25
833,24,67,0.11,3,0,1,1,1,62,100,92,88,100,83,96,65,83,85,78,96,83,88,833,235.6,75,87,79,71,78
840,44,56,0.11,6,0,3,2,2,82,89,84,86,98,75,93,57,75,82,68,86,82,89,840,233,86,91,80,84,85.25
866,45,65,0.11,6,1,1,1,1,89,84,78,67,91,47,91,47,58,72,56,89,93,78,866,236.4,80,89,84,82,83.75
888,24,42,0.11,3,2,1,1,2,88,88,87,71,88,58,92,67,79,80,62,83,92,83,888,241.6,75,79,79,67,75
892,57,65,0.11,8,0,1,1,1,86,89,93,81,93,82,89,56,84,84,70,82,82,77,892,240.6,77,68,63,75,70.75
919,36,75,0.11,5,2,1,1,1,92,81,81,58,69,36,69,47,61,66,69,69,81,86,919,244.8,83,94,72,69,79.5
928,47,32,0.11,7,0,2,1,2,85,91,91,79,87,70,89,45,81,80,72,85,85,94,928,252.8,74,89,77,70,77.5
663,17,32,0.12,2,2,2,1,2,100,100,94,88,94,88,100,71,88,92,76,100,94,88,663,204.2,82,47,82,82,73.25
664,20,56,0.18,3,1,3,2,2,100,100,100,80,100,80,100,90,100,94,95,100,100,100,664,211.8,100,100,95,100,98.75
665,45,64,0.19,6,1,3,2,2,96,89,96,80,84,56,93,67,76,82,76,87,80,84,665,198.4,84,93,82,73,83
10,53,25,0.2,8,0,1,1,2,100,83,85,83,87,68,89,64,70,81,72,96,98,85,10,72.2,87,75,68,75,76.25
20,14,85,0.2,2,1,2,1,1,71,71,57,50,93,57,86,57,64,67,43,64,86,57,20,54,93,86,57,71,76.75
41,71,57,0.2,10,1,2,1,1,89,96,94,72,100,80,93,87,74,87,66,96,96,90,41,77.8,89,89,83,83,86
57,13,45,0.2,2,0,1,1,2,100,100,100,100,92,67,92,77,85,90,85,92,85,69,57,77.6,92,92,85,92,90.25
74,55,48,0.2,8,2,1,1,1,93,98,98,89,98,96,96,89,96,95,93,100,100,96,74,92.6,96,91,93,96,94
95,38,65,0.2,5,0,1,1,1,89,92,95,89,95,92,95,79,92,91,66,97,97,82,95,87.4,97,89,79,82,86.75
113,31,54,0.2,4,1,1,1,1,87,90,87,90,94,71,97,81,94,88,71,90,94,87,113,91,100,97,93,94,96
119,11,18,0.2,2,1,2,1,2,64,55,73,64,91,73,73,55,64,68,55,64,91,73,119,80.4,55,73,64,64,64
135,41,87,0.2,6,0,1,1,1,85,76,78,44,85,49,85,44,54,67,61,85,88,76,135,89,83,80,78,80,80.25
146,12,100,0.2,2,0,3,2,1,83,75,83,92,92,67,83,92,58,81,50,92,100,92,146,96,100,75,83,67,81.25
150,17,35,0.2,2,0,1,1,2,94,94,100,100,100,94,100,94,88,96,88,100,100,100,150,107.6,88,88,100,100,94
166,59,67,0.2,8,2,1,1,1,90,83,86,88,86,75,92,39,76,79,80,90,95,84,166,103,78,90,76,76,80
190,13,87,0.2,2,0,1,1,1,85,92,100,54,100,54,85,62,62,77,69,54,92,92,190,99.4,69,92,77,85,80.75
196,13,5,0.2,2,2,1,1,2,92,100,100,92,100,92,100,46,92,91,85,100,100,92,196,114.6,85,77,77,85,81
214,37,45,0.2,5,0,2,1,1,81,86,94,62,92,64,94,83,69,81,78,94,92,97,214,115,84,92,89,81,86.5
230,24,64,0.2,3,0,2,1,2,96,92,88,67,88,62,88,67,71,80,63,63,92,87,230,107,71,79,58,67,68.75
251,35,65,0.2,5,0,3,2,2,94,100,91,69,97,71,89,51,77,82,66,74,89,80,251,112,71,74,71,54,67.5
253,18,56,0.2,3,0,3,2,1,100,89,89,61,94,72,89,50,83,81,94,94,100,94,253,127,78,94,67,67,76.5
275,41,65,0.2,6,0,1,1,1,85,83,83,56,93,46,88,49,61,72,41,78,83,83,275,112,66,90,93,78,81.75
277,18,25,0.2,3,0,2,1,2,83,89,83,83,94,72,83,61,72,80,39,78,94,78,277,113.2,72,78,67,78,73.75
301,31,35,0.2,4,0,2,1,2,100,84,77,74,97,71,90,65,77,82,61,87,94,90,301,126.6,77,74,87,94,83
306,14,56,0.2,2,0,1,1,1,64,86,64,79,93,79,100,79,50,77,64,86,93,86,306,127,71,79,57,79,71.5
326,51,65,0.2,7,0,1,1,1,67,65,33,49,88,45,92,69,37,61,72,63,67,84,326,122.4,78,78,69,67,73
331,53,52,0.2,8,0,1,1,2,83,81,62,91,94,70,98,75,68,80,77,94,79,92,331,134.6,88,62,74,85,77.25
351,36,82,0.2,5,0,1,1,1,94,97,94,81,92,61,89,58,92,84,78,94,97,94,351,142.8,81,81,67,75,76
355,23,65,0.2,3,1,2,1,2,100,91,91,78,91,91,91,70,91,88,78,78,83,83,355,135.4,91,87,87,91,89
368,45,82,0.2,6,2,1,1,1,93,91,87,73,89,64,89,44,80,79,62,91,91,96,368,141.6,78,91,87,84,85
388,23,64,0.2,3,0,3,2,2,100,96,87,83,96,68,91,65,91,86,78,91,91,96,388,148.8,100,65,100,96,90.25
390,13,87,0.2,2,0,1,1,1,100,92,77,69,92,42,85,54,85,77,69,85,85,92,390,144.2,100,62,100,92,88.5
413,45,24,0.2,6,0,1,1,2,100,100,98,76,100,69,100,89,91,91,62,89,91,89,413,148.8,96,78,96,100,92.5
424,54,57,0.2,8,0,1,1,2,91,93,89,61,96,63,96,70,76,82,50,74,81,74,424,140.6,81,81,78,81,80.25
441,63,35,0.2,9,0,1,1,2,92,90,90,79,95,68,94,70,83,85,68,97,98,89,441,158.6,85,95,89,84,88.25
453,29,56,0.2,4,0,2,1,1,97,100,97,90,97,83,100,86,83,92,76,86,97,86,453,159.6,93,90,83,86,88
461,26,67,0.2,4,0,2,1,2,85,92,96,85,96,72,100,69,77,86,85,96,96,88,461,165.2,100,92,92,81,91.25
483,14,50,0.2,2,0,3,2,2,93,100,100,86,100,71,100,71,86,90,79,100,100,100,483,172.4,86,100,77,86,87.25
503,58,25,0.2,8,2,3,2,2,98,95,98,76,100,86,96,81,93,92,76,86,86,88,503,167.8,90,90,86,91,89.25
509,45,42,0.2,6,0,1,1,2,96,100,96,96,100,93,98,76,89,94,82,93,98,93,509,175,96,96,91,96,94.75
519,10,49,0.2,1,1,2,1,1,100,100,90,90,100,90,100,80,90,93,90,100,100,100,519,181.8,90,100,100,100,97.5
531,25,67,0.2,4,0,2,1,1,80,83,88,88,96,72,88,64,88,83,84,92,84,92,531,176.6,92,100,88,92,93
543,14,68,0.2,2,1,1,1,1,71,64,64,29,93,43,64,29,57,57,50,79,79,79,543,166,57,86,64,79,71.5
549,20,36,0.2,3,0,1,1,2,100,100,100,80,100,75,100,95,100,94,70,100,100,95,549,182.8,80,85,80,85,82.5
557,18,65,0.2,3,0,1,1,2,89,100,89,83,94,78,100,78,83,88,78,83,94,78,557,178,94,94,94,94,94
594,30,65,0.2,4,1,1,1,2,100,93,93,73,100,60,90,67,80,84,90,83,80,83,594,186,77,80,77,80,78.5
611,19,65,0.2,3,0,2,1,1,84,79,84,63,89,68,84,53,74,75,74,89,89,63,611,185.2,84,89,79,68,80
614,30,26,0.2,4,0,1,1,2,100,97,97,87,97,90,97,67,97,92,90,93,83,87,614,193.4,87,93,77,80,84.25
624,48,65,0.2,7,2,3,2,1,88,83,83,81,94,73,90,69,73,81,75,83,83,88,624,190.6,92,87,85,92,89
647,27,65,0.2,4,0,1,1,2,96,89,89,74,93,70,85,59,81,82,74,93,100,93,647,201.4,67,67,59,74,66.75
658,31,50,0.2,4,0,1,1,1,97,97,90,77,100,94,97,61,94,90,55,77,81,77,658,189.6,81,68,90,94,83.25
680,10,61,0.2,1,0,1,1,2,90,90,100,70,78,60,90,70,90,82,80,80,90,100,680,206,90,80,70,90,82.5
681,34,58,0.2,5,0,1,1,1,91,82,82,59,85,44,76,50,79,72,71,82,94,85,681,202.6,91,91,94,85,90.25
705,24,67,0.2,3,0,2,1,1,87,83,83,79,92,58,92,67,71,79,71,88,92,83,705,207.8,92,87,88,88,88.75
709,23,15,0.2,3,1,3,2,2,83,91,74,70,83,57,78,43,61,71,65,74,78,83,709,201.8,61,87,52,43,60.75
711,11,65,0.2,2,1,3,2,1,82,73,82,100,82,73,82,73,73,80,82,91,100,91,711,215,82,100,82,73,84.25
726,11,56,0.2,2,0,1,1,2,100,100,100,82,100,73,100,91,91,93,91,100,91,91,726,219.8,82,91,91,91,88.75
740,54,75,0.2,8,0,2,1,1,94,93,89,76,96,63,94,67,72,83,70,98,93,96,740,219.4,85,96,80,80,85.25
747,14,65,0.2,2,0,2,1,2,86,100,100,93,100,79,100,79,86,91,71,86,100,86,747,218,86,100,93,100,94.75
762,32,67,0.2,5,0,1,1,1,91,87,78,91,97,66,94,65,69,82,69,88,91,88,762,219.6,94,97,94,88,93.25
768,69,65,0.2,10,0,1,1,2,97,94,93,90,97,91,94,61,83,89,68,88,90,77,768,218.2,84,86,78,86,83.5
793,12,76,0.2,2,1,1,1,1,92,92,92,83,92,67,100,67,83,85,75,92,100,92,793,230.4,92,83,92,83,87.5
803,23,100,0.2,3,0,1,1,1,74,70,70,70,87,70,83,52,52,70,61,87,70,70,803,218.2,74,74,65,70,70.75
815,18,56,0.2,3,2,2,1,2,83,78,83,78,78,67,72,50,61,72,72,72,67,78,815,220.8,72,83,78,72,76.25
828,32,65,0.2,5,0,1,1,1,81,97,97,72,94,66,94,78,78,84,44,81,84,78,828,223,72,78,69,66,71.25
832,48,56,0.2,7,0,3,2,2,94,88,88,88,90,67,98,65,77,84,67,92,94,90,832,235,77,90,79,77,80.75
857,33,87,0.2,5,0,1,1,1,79,64,52,73,58,58,61,33,58,59,42,70,82,70,857,224.2,55,73,55,70,63.25
864,17,45,0.2,2,0,1,1,2,100,94,94,76,100,76,88,76,94,89,82,100,94,94,864,246.8,100,100,100,100,100
871,45,65,0.2,6,0,1,1,2,98,91,96,80,96,53,96,67,78,84,93,87,80,98,871,245.8,84,87,96,82,87.25
882,58,35,0.2,8,2,1,1,2,93,86,86,79,93,64,93,71,72,82,74,90,84,98,882,245.6,84,90,79,72,81.25
887,19,65,0.2,3,0,2,1,1,79,95,100,95,89,68,100,84,89,89,84,84,74,89,887,243.6,79,95,68,58,75
909,62,4,0.2,9,8,1,1,2,90,74,73,84,85,53,89,52,68,74,68,79,85,85,909,245.2,79,82,76,68,76.25
916,51,56,0.2,7,0,2,1,1,94,92,88,82,96,71,96,71,80,86,73,88,92,80,916,249.8,86,94,75,78,83.25
934,43,45,0.2,6,0,2,1,1,74,77,70,65,81,53,81,56,70,70,63,77,70,77,934,244.2,72,84,70,77,75.75
100,25,25,0.23,4,0,3,2,2,88,88,100,84,100,88,100,76,96,91,72,100,100,84,100,91.2,100,96,92,96,96
3,28,65,0.25,4,2,3,2,1,89,96,96,82,100,74,89,57,93,86,57,96,100,79,3,67,93,79,82,93,86.75
32,11,100,0.25,2,0,1,1,1,64,45,45,55,55,36,73,64,36,53,73,73,82,73,32,66.6,64,91,73,73,75.25
56,18,82,0.25,3,0,2,1,1,89,94,94,78,94,50,94,78,78,83,67,94,94,50,56,72.2,83,83,78,83,81.75
84,60,48,0.25,9,0,2,1,1,70,77,75,53,55,45,85,72,38,63,18,57,75,73,84,61.4,57,73,78,78,71.5
105,19,65,0.25,3,0,1,1,1,89,84,79,89,95,63,100,32,68,78,37,68,89,53,105,70.4,89,84,89,89,87.75
124,17,67,0.25,2,2,1,1,1,82,88,88,65,88,82,82,88,76,82,50,88,100,82,124,88.8,88,88,76,76,82
157,48,61,0.25,7,0,1,1,1,88,96,90,83,92,88,92,77,79,87,77,90,90,88,157,100.4,90,83,83,88,86
183,57,75,0.25,8,3,1,1,1,84,67,63,61,75,56,84,56,50,66,44,75,88,81,183,94.2,89,88,89,91,89.25
203,26,58,0.25,4,0,2,1,1,85,92,85,62,96,54,96,62,65,77,58,85,96,92,203,106.8,81,77,65,73,74
228,18,52,0.25,3,0,1,1,1,83,83,78,78,78,72,78,72,78,78,83,83,94,78,228,113.2,89,89,78,89,86.25
233,19,65,0.25,3,0,3,2,1,89,84,84,32,89,42,89,58,84,73,68,79,95,84,233,111.8,74,100,63,68,76.25
267,26,45,0.25,4,0,1,1,1,85,92,96,88,96,88,88,81,85,89,81,100,100,92,267,128,85,92,85,85,86.75
299,32,42,0.25,5,1,1,1,1,91,100,100,91,100,94,100,88,100,96,91,97,100,88,299,135,100,94,100,100,98.5
317,66,87,0.25,9,3,1,1,1,80,61,45,56,91,50,91,74,36,65,56,70,58,80,317,116.2,77,67,64,77,71.25
336,49,65,0.25,7,1,1,1,1,90,88,86,57,94,69,82,45,77,76,47,63,78,65,336,117.8,73,63,61,69,66.5
361,44,87,0.25,6,2,2,1,1,80,70,73,73,84,57,82,59,57,70,45,82,82,73,361,128.6,80,84,80,77,80.25
381,67,67,0.25,10,2,2,1,1,97,90,87,76,94,52,97,73,58,80,46,84,87,82,381,136,88,82,86,85,85.25
434,42,65,0.25,6,2,2,1,1,100,100,98,69,98,60,98,93,86,89,50,83,86,88,434,148.2,86,79,74,81,80
512,20,75,0.25,3,2,1,1,1,100,100,100,90,100,100,100,85,95,97,80,100,100,85,512,175.4,95,95,85,85,90
525,26,67,0.25,4,0,1,1,1,77,96,92,77,96,85,100,50,77,83,46,85,88,69,525,162.6,69,62,54,58,60.75
603,68,82,0.25,10,0,1,1,1,93,85,88,75,85,66,93,63,82,81,72,76,69,82,603,180.4,78,84,81,76,79.75
640,16,65,0.25,2,0,1,1,1,88,88,94,69,88,75,81,81,69,81,88,88,94,94,640,200.8,81,88,81,81,82.75
671,32,65,0.25,5,0,2,1,1,81,81,81,63,91,59,81,53,66,73,75,75,72,81,671,194.8,84,97,78,81,85
12,31,24,0.3,4,0,1,1,2,100,100,100,87,94,87,97,68,90,91,55,90,94,71,12,64.4,87,94,74,84,84.75
23,21,75,0.3,3,2,3,2,1,95,100,100,95,95,86,100,95,100,96,86,95,90,86,23,76,90,95,100,95,95
42,28,82,0.3,4,0,1,1,1,86,79,96,50,93,57,96,68,79,78,89,82,96,89,42,79.6,89,96,78,82,86.25
58,70,15,0.3,10,8,1,1,2,59,81,74,63,77,41,76,53,69,66,61,76,84,83,58,72.4,79,81,59,67,71.5
75,25,65,0.3,4,1,1,1,1,80,83,88,88,96,72,88,64,88,83,84,92,84,92,75,85.4,92,100,88,92,93
96,34,100,0.3,5,NA,1,1,1,91,82,88,79,91,76,100,68,82,84,73,88,88,97,96,88.4,94,97,91,82,91
116,23,65,0.3,3,0,2,1,1,91,91,91,87,91,87,100,48,78,85,57,83,87,70,116,82.6,91,78,65,65,74.75
120,19,54,0.3,3,1,2,1,2,84,95,89,84,95,84,84,83,89,88,68,95,95,79,120,91.4,89,89,84,89,87.75
137,59,99,0.3,8,0,2,1,1,75,81,90,64,78,59,61,64,69,71,66,86,95,80,137,92.8,69,75,73,75,73
151,10,65,0.3,1,0,1,1,1,80,90,90,90,100,80,100,100,80,90,70,100,90,100,151,102.2,90,80,100,100,92.5
153,22,45,0.3,3,0,1,1,2,82,77,82,68,73,55,82,64,64,72,82,82,82,82,153,96.2,86,73,77,68,76
169,33,75,0.3,5,0,1,1,1,91,88,88,91,91,70,91,48,76,81,82,79,85,88,169,100.6,79,85,67,61,73
192,24,85,0.3,3,0,3,2,1,67,54,63,50,62,42,71,46,62,57,42,71,79,79,192,92.6,58,79,42,58,59.25
197,11,25,0.3,2,0,2,1,2,100,100,100,91,100,82,100,73,82,92,91,100,100,82,197,114,91,73,82,73,79.75
216,48,76,0.3,7,0,1,1,1,88,92,90,75,98,71,92,85,77,85,60,94,98,27,216,99,73,75,79,81,77
227,48,65,0.3,7,2,1,1,1,92,94,92,81,96,85,83,83,90,88,79,96,92,75,227,113.8,90,79,79,79,81.75
234,53,65,0.3,8,4,1,1,2,100,83,85,83,87,68,89,64,70,81,72,96,98,85,234,117,87,75,68,75,76.25
254,30,100,0.3,4,0,3,2,1,100,100,97,77,100,83,97,80,97,92,80,93,100,67,254,118.8,80,70,60,67,69.25
255,10,65,0.3,1,1,2,1,2,100,90,90,80,100,90,100,50,90,88,40,90,100,50,255,107,50,40,40,50,45
276,26,56,0.3,4,2,2,1,1,88,96,88,77,88,73,92,54,85,82,54,73,92,81,276,115.2,68,88,58,73,71.75
280,17,66,0.3,2,0,2,1,2,94,100,94,100,100,94,88,47,71,88,47,76,94,76,280,114.6,82,76,76,71,76.25
307,51,75,0.3,7,1,2,1,1,84,76,53,73,86,63,92,73,58,73,76,82,82,82,307,125.8,82,73,75,76,76.5
308,51,4,0.3,7,7,2,1,2,86,75,51,82,92,59,96,76,59,75,65,69,69,80,308,118.2,78,73,63,80,73.5
327,63,65,0.3,9,1,2,1,1,71,60,38,62,84,44,90,65,46,62,51,70,67,86,327,120.2,71,59,43,70,60.75
334,27,54,0.3,4,0,1,1,2,96,93,93,67,100,59,89,56,78,81,70,81,89,85,334,131.8,81,70,81,78,77.5
356,49,35,0.3,7,0,1,1,2,98,96,94,92,90,88,98,57,86,89,80,94,98,94,356,144.4,92,88,94,98,93
358,15,87,0.3,2,0,1,1,1,100,100,93,100,87,93,100,67,93,93,73,87,100,100,358,143.6,87,73,93,93,86.5
371,15,65,0.3,2,0,1,1,1,73,60,40,40,87,40,53,20,40,50,27,60,80,60,371,119.6,80,67,60,73,70
389,10,25,0.3,1,0,1,1,2,100,100,100,100,100,100,100,80,100,98,90,100,100,100,389,155.8,100,70,100,100,92.5
397,44,65,0.3,6,3,1,1,1,98,100,98,70,100,77,100,89,98,92,86,98,100,93,397,154.8,84,93,98,98,93.25
415,61,52,0.3,9,0,1,1,2,97,89,89,62,92,66,93,74,82,83,62,89,87,75,415,145.6,82,87,84,92,86.25
425,46,48,0.3,7,0,1,1,2,98,100,98,72,98,70,96,87,91,90,65,96,96,96,425,155.6,78,91,93,93,88.75
442,13,65,0.3,2,0,2,1,2,92,69,69,62,92,54,92,54,69,73,69,100,100,92,442,160.6,77,92,85,85,84.75
455,41,55,0.3,6,1,2,1,1,98,100,98,78,98,85,100,76,90,91,80,95,95,93,455,163.6,83,85,80,76,81
463,48,33,0.3,7,0,1,1,2,94,98,94,96,100,83,100,83,88,93,81,94,96,90,463,164.8,94,98,96,94,95.5
485,26,65,0.3,4,0,1,1,2,96,92,92,81,96,69,92,81,77,86,58,92,96,88,485,163.8,88,88,85,85,86.5
504,64,25,0.3,9,1,1,1,2,97,98,97,97,100,94,100,78,88,94,72,92,95,86,504,169.8,91,94,94,92,92.75
518,15,36,0.3,2,0,1,1,2,100,100,100,100,100,100,100,93,100,99,73,100,100,93,518,176.8,87,93,87,100,91.75
520,11,55,0.3,2,0,2,1,1,100,91,91,91,100,91,91,82,91,92,91,100,91,100,520,180.4,91,100,91,100,95.5
533,17,45,0.3,2,0,1,1,1,94,100,100,100,100,94,100,76,100,96,100,100,100,100,533,186.6,100,94,100,100,98.5
548,17,45,0.3,2,0,3,2,1,100,100,100,100,100,100,100,94,100,99,100,100,100,100,548,189.6,100,100,100,100,100
550,28,32,0.3,4,0,1,1,2,100,100,100,93,100,89,96,96,100,97,89,96,100,79,550,182.8,86,96,93,96,92.75
559,33,66,0.3,5,2,1,1,2,94,91,94,85,97,79,91,81,91,89,82,91,88,94,559,182.8,85,85,88,91,87.25
595,64,64,0.3,9,2,1,1,2,97,90,94,83,84,70,84,64,88,84,73,81,66,83,595,179.6,84,84,75,89,83
612,55,65,0.3,8,0,1,1,1,78,94,94,81,96,82,85,69,89,86,65,56,51,65,612,169.8,75,76,75,82,77
615,18,33,0.3,3,0,2,1,2,100,94,94,94,100,94,94,89,94,95,83,100,94,94,615,197.2,89,94,89,94,91.5
625,24,87,0.3,3,0,2,1,1,96,96,96,92,96,88,96,83,96,93,88,92,96,92,625,198.6,100,100,96,100,99
648,26,35,0.3,4,0,2,1,2,92,100,100,69,100,77,96,58,100,88,73,92,92,85,648,198,73,77,73,65,72
659,24,65,0.3,3,1,1,1,1,96,92,83,79,96,87,87,67,79,85,67,74,71,71,659,188.4,79,79,79,75,78
682,14,65,0.3,2,1,1,1,1,79,93,71,64,71,57,64,43,64,67,71,79,93,86,682,202.2,86,100,100,100,96.5
684,28,25,0.3,4,0,1,1,2,86,82,86,71,89,61,93,68,79,79,75,86,93,93,684,206.2,89,89,86,82,86.5
706,38,100,0.3,5,NA,3,2,1,63,82,79,76,84,66,76,42,68,71,58,82,84,76,706,201.2,66,82,74,63,71.25
712,70,64,0.3,10,0,2,1,2,83,91,90,73,91,59,89,63,91,81,80,90,86,90,712,211.6,84,91,74,81,82.5
713,23,75,0.3,3,0,1,1,1,87,100,91,70,87,74,87,57,91,83,87,96,87,100,713,216.6,100,100,83,91,93.5
727,12,55,0.3,2,0,1,1,2,83,75,75,75,92,42,92,75,58,74,75,92,100,83,727,215.4,75,92,83,92,85.5
741,11,76,0.3,2,0,1,1,1,100,91,82,73,82,91,91,73,73,84,91,91,100,100,741,224.6,82,73,82,82,79.75
748,15,75,0.3,2,0,3,2,2,80,93,87,60,87,67,87,47,67,75,33,87,100,73,748,208.2,87,93,100,80,90
766,37,100,0.3,5,NA,2,1,1,86,81,76,68,92,57,95,70,62,76,62,84,78,76,766,213.2,81,97,76,78,83
773,24,61,0.3,3,0,2,1,2,96,96,88,71,100,71,100,79,79,87,67,92,88,92,773,222.4,79,96,79,88,85.5
794,20,65,0.3,3,2,2,1,1,80,85,80,75,85,70,80,70,65,77,70,85,85,95,794,225.8,85,75,55,60,68.75
804,27,64,0.3,4,0,2,1,1,100,93,89,85,96,67,96,63,81,86,78,85,89,81,804,227.4,96,96,93,92,94.25
818,10,42,0.3,1,0,2,1,2,90,80,80,80,90,60,80,70,70,78,70,90,70,100,818,229.6,100,90,90,100,95
830,48,65,0.3,7,1,2,1,1,88,83,85,83,83,73,92,60,73,80,67,88,92,85,830,232.4,83,90,83,83,84.75
837,37,25,0.3,5,0,1,1,2,92,95,97,81,89,89,92,86,97,91,92,100,95,97,837,244.2,97,92,97,89,93.75
862,15,52,0.3,2,0,1,1,1,93,87,87,67,100,73,93,60,87,83,80,93,100,100,862,247,93,87,80,73,83.25
865,30,45,0.3,4,0,1,1,2,93,93,87,80,97,73,93,67,83,85,83,97,93,87,865,245,83,97,90,93,90.75
872,45,65,0.3,6,0,1,1,2,71,82,78,73,87,60,91,64,67,75,71,84,84,89,872,240,84,89,73,71,79.25
884,14,35,0.3,2,0,1,1,2,93,86,93,93,93,64,93,64,79,84,79,93,100,100,884,251.2,79,86,79,79,80.75
890,14,57,0.3,2,0,1,1,1,57,100,86,93,93,71,71,71,64,79,64,86,79,79,890,239.6,64,93,57,64,69.5
913,39,67,0.3,6,0,1,1,2,90,87,90,82,92,67,92,67,85,83,74,90,85,90,913,250.4,87,95,82,84,87
917,13,75,0.3,2,0,1,1,1,77,92,77,92,85,77,100,54,85,82,85,92,92,100,917,257.2,69,85,69,69,73
660,25,64,0.32,4,0,2,1,2,92,92,84,88,92,84,88,64,84,85,88,88,88,80,660,200.8,88,84,92,92,89
765,14,25,0.32,2,0,2,1,2,100,86,86,100,100,71,100,79,86,90,79,93,93,93,765,224.6,93,93,93,86,91.25
826,48,25,0.32,7,0,1,1,2,96,98,94,88,92,77,92,54,88,86,79,90,75,88,826,231.6,85,88,83,90,86.5
935,14,3,0.32,2,2,1,1,2,93,93,79,43,100,29,93,64,71,74,71,93,86,93,935,255.6,79,79,79,79,79
147,33,58,0.35,5,1,1,1,2,82,70,58,64,64,61,79,70,55,67,58,79,88,82,147,90.8,73,61,79,76,72.25
248,40,55,0.35,6,0,1,1,2,100,98,90,90,98,93,90,78,90,92,87,90,85,88,248,119.6,90,93,88,90,90.25
296,34,26,0.35,5,0,2,1,2,94,97,100,94,94,82,97,82,91,92,68,85,94,79,296,124.4,100,82,91,91,91
353,22,65,0.35,3,1,1,1,2,91,95,91,82,91,64,91,50,86,82,82,91,95,91,353,142.4,68,77,50,59,63.5
411,48,25,0.35,7,2,3,2,2,94,96,94,73,98,67,96,71,85,86,58,90,90,81,411,146,77,92,83,85,84.25
439,48,25,0.35,7,0,1,1,2,96,96,98,77,98,75,100,92,94,92,73,92,92,90,439,157.2,85,94,83,94,89
479,10,26,0.35,1,0,1,1,2,100,100,100,100,100,80,100,90,100,97,80,90,90,100,479,167.8,90,100,90,90,92.5
501,31,35,0.35,4,0,1,1,2,97,90,90,94,100,94,94,61,81,89,87,94,97,90,501,173.8,87,97,94,94,93
546,24,42,0.35,3,0,1,1,2,100,100,100,96,100,92,100,92,100,98,87,100,100,92,546,185,100,92,100,100,98
591,15,25,0.35,2,2,2,1,2,93,80,87,93,93,93,100,80,93,90,80,93,93,80,591,187.4,87,79,80,80,81.5
645,12,65,0.35,2,0,2,1,2,92,83,83,75,100,50,92,75,67,80,83,83,92,100,645,200.6,75,75,83,75,77
703,58,65,0.35,8,0,2,1,2,81,81,78,72,90,62,79,59,71,75,67,81,86,86,703,204.6,76,86,79,74,78.75
744,25,54,0.35,4,0,1,1,2,84,96,96,92,100,80,88,68,92,88,88,96,92,100,744,224,92,100,92,92,94
808,52,15,0.35,7,2,1,1,2,81,73,62,81,83,65,81,54,52,70,50,62,73,85,808,215.6,79,85,83,83,82.5
860,14,15,0.35,2,1,1,1,2,71,71,57,50,93,57,86,57,64,67,43,64,86,57,860,222,93,86,57,71,76.75
906,59,65,0.35,8,2,3,2,2,66,78,73,75,88,51,88,56,59,70,64,95,90,91,906,249.2,93,90,81,81,86.25
34,16,68,0.4,2,1,1,1,2,81,63,81,38,81,56,63,63,81,67,69,81,81,75,34,68,69,75,69,75,72
115,45,35,0.4,6,0,2,1,2,93,96,93,93,87,89,100,73,84,90,58,96,98,84,115,90.2,87,89,93,93,90.5
225,17,48,0.4,2,2,2,1,1,94,94,100,94,100,88,94,76,94,93,82,94,100,47,225,109.6,76,76,65,71,72
229,15,57,0.4,2,1,1,1,2,93,93,87,73,87,53,87,73,80,81,80,80,93,87,229,113.8,87,93,67,73,80
271,49,24,0.4,7,0,1,1,2,94,96,94,92,98,94,96,78,84,92,83,94,92,92,271,126.4,88,81,86,84,84.75
328,44,56,0.4,6,0,1,1,2,70,80,55,75,89,66,98,77,57,74,75,82,82,80,328,129.4,89,84,68,80,80.25
385,21,56,0.4,3,0,1,1,2,95,100,100,90,100,81,90,71,81,90,76,86,86,100,385,146.6,95,86,90,90,90.25
423,36,52,0.4,5,0,2,1,2,97,100,100,64,97,69,94,78,75,86,61,83,97,89,423,150.6,89,89,86,89,88.25
460,25,54,0.4,4,0,1,1,2,92,96,96,72,96,76,100,76,92,88,68,92,92,80,460,158.4,92,96,88,92,92
482,28,45,0.4,4,0,3,2,2,93,93,93,89,96,71,96,82,86,89,79,82,96,82,482,164.2,100,96,86,96,94.5
508,26,15,0.4,4,2,1,1,2,100,100,96,92,100,96,96,85,88,95,81,100,100,96,508,177,100,100,88,92,95
556,56,24,0.4,8,0,1,1,2,93,98,98,89,98,96,96,88,95,95,93,100,100,96,556,189,96,91,93,96,94
602,16,65,0.4,2,0,1,1,2,94,100,88,81,94,75,100,69,75,86,63,56,56,88,602,173,69,94,81,75,79.75
613,14,24,0.4,2,0,1,1,2,100,100,100,93,100,93,100,79,100,96,86,100,100,100,613,199.8,93,100,100,100,98.25
678,56,61,0.4,8,1,2,1,2,88,77,77,66,89,54,84,46,73,73,73,80,89,77,678,199.4,82,89,82,84,84.25
724,48,65,0.4,7,2,2,1,2,94,96,88,75,96,73,94,71,85,86,88,96,96,90,724,218.8,92,85,88,94,89.75
767,11,65,0.4,2,1,2,1,2,91,82,73,73,100,73,100,36,64,77,55,82,91,82,767,215.4,82,82,82,82,82
829,10,25,0.4,1,0,1,1,2,90,100,100,100,90,90,100,70,90,92,100,100,60,100,829,237.8,100,100,100,100,100
867,36,18,0.4,5,2,1,1,2,86,81,75,64,89,47,89,42,56,70,53,89,94,75,867,235.6,75,86,83,81,81.25
881,52,65,0.4,7,1,1,1,2,94,92,88,67,88,56,92,63,94,82,73,79,71,77,881,236.2,79,90,73,71,78.25
92,43,58,0.45,6,0,3,2,2,60,72,77,44,84,49,81,47,58,64,44,81,88,81,92,77.2,79,91,86,81,84.25
145,44,67,0.45,6,3,2,1,1,84,86,80,68,91,60,81,64,55,74,64,70,86,68,145,86.6,80,66,66,68,70
657,55,45,0.45,8,0,1,1,2,96,95,87,78,98,91,93,64,87,88,60,76,76,75,657,188.8,80,73,85,85,80.75
764,53,65,0.45,8,0,1,1,2,91,91,89,77,94,72,94,66,74,83,72,94,89,81,764,220,91,81,83,83,84.5
823,32,65,0.45,5,0,1,1,2,72,81,84,72,84,56,94,66,75,76,66,81,78,84,823,226.4,81,94,84,84,85.75
933,43,2,0.45,6,2,3,2,2,77,84,77,74,79,56,86,65,72,74,65,70,70,74,933,242.4,72,67,77,72,72
