DATE,WALCL,SPY,WALCL.RESCALE,SPY.RESCALE
2007-01-03,874626,114.809403,0.0062415366,0.310357793
2007-01-10,854819,114.947462,0.0008361711,0.31115049
2007-01-17,859363,116.149409,0.0020762367,0.3180517412
2007-01-24,851755,116.904674,0,0.3223882664
2007-01-31,865730,116.742253,0.0038138024,0.3214556894
2007-02-07,855057,117.927954,0.0009011217,0.3282636605
2007-02-14,867199,118.252797,0.0042146951,0.3301288202
2007-02-21,869235,118.553277,0.0047703231,0.3318540942
2007-02-28,877409,114.452069,0.0070010223,0.3083060788
2007-03-07,864505,113.339468,0.0034794977,0.301917828
2007-03-14,876108,113.112075,0.0066459771,0.3006121995
2007-03-21,863067,116.830231,0.0030870649,0.321960835
2007-03-28,869803,115.631691,0.0049253313,0.3150791459
2007-04-04,862319,117.286833,0.0028829344,0.3245825189
2007-04-11,865441,117.425439,0.0037349338,0.3253783567
2007-04-18,861335,120.075298,0.0026143991,0.3405931228
2007-04-25,879686,121.877195,0.0076224196,0.3509391228
2007-05-02,890857,121.926114,0.0106710054,0.3512200024
2007-05-09,875270,123.246975,0.0064172854,0.3588040252
2007-05-16,859559,123.605727,0.0021297255,0.3608638811
2007-05-23,873935,124.290611,0.0060529615,0.3647962979
2007-05-30,876986,125.13856,0.0068855848,0.3696649893
2007-06-06,872706,123.801401,0.0057175652,0.3619873878
2007-06-13,864989,123.842171,0.0036115822,0.362221478
2007-06-20,866089,123.761787,0.0039117741,0.361759935
2007-06-27,865105,123.15583,0.0036432388,0.3582806955
2007-07-11,869407,124.457819,0.0048172622,0.3657563605
2007-07-18,872916,126.488577,0.0057748746,0.3774164179
2007-07-25,863890,124.14665,0.0033116631,0.3639697131
2007-08-01,870261,119.904973,0.0050503204,0.3396151632
2007-08-08,865453,122.689089,0.0037382086,0.3556007963
2007-08-15,864931,115.491344,0.0035957539,0.3142733118
2007-08-22,862775,120.085123,0.0030073776,0.3406495352
2007-08-29,872873,119.995048,0.0057631398,0.3401323492
2007-09-05,871156,121.018617,0.0052945675,0.3460094026
2007-09-12,886314,121.084127,0.0094312126,0.3463855432
2007-09-19,867732,125.579647,0.0043601518,0.3721975902
2007-09-26,889900,125.212796,0.0104098384,0.3700912321
2007-10-03,869051,126.52095,0.0047201092,0.3776022948
2007-10-10,886363,128.528437,0.0094445848,0.3891287364
2007-10-17,869509,126.907639,0.0048450982,0.3798225573
2007-10-24,881395,124.628645,0.0080888088,0.3667371967
2007-10-31,883385,127.23673,0.0086318833,0.3817121079
2007-11-07,885724,121.69147,0.0092702006,0.3498727407
2007-11-14,889537,121.494008,0.0103107751,0.3487389678
2007-11-21,891028,116.565791,0.0107176716,0.3204424928
2007-11-28,879417,121.049734,0.0075490091,0.3461880679
2007-12-05,882764,122.431931,0.0084624113,0.3541242653
2007-12-12,881750,122.892664,0.0081856889,0.3567696683
2007-12-19,887983,120.021309,0.0098866857,0.3402831327
2007-12-26,890662,123.693776,0.0106177896,0.3613694344
2008-01-02,922187,119.872535,0.0192210182,0.3394289131
2008-01-09,880754,116.100932,0.0079138787,0.3177733995
2008-01-16,893581,113.297042,0.0114143899,0.3016742295
2008-01-23,877253,110.716473,0.0069584496,0.2868573076
2008-01-30,900264,111.584938,0.0132381925,0.2918437963
2008-02-06,871022,110.046519,0.0052579986,0.2830106149
2008-02-13,883005,112.792506,0.0085281807,0.2987773217
2008-02-20,878949,112.420311,0.007421291,0.2966402797
2008-02-27,893825,114.322658,0.0114809779,0.3075630362
2008-03-05,881208,110.691661,0.0080377762,0.2867148439
2008-03-12,896565,108.648707,0.0122287288,0.2749847605
2008-03-19,888646,107.788522,0.0100676196,0.2700458133
2008-03-26,893965,110.716005,0.0115191842,0.2868546205
2008-04-02,883708,113.625209,0.0087200306,0.3035584747
2008-04-09,893029,112.902068,0.0112637481,0.2994063968
2008-04-16,881904,113.749897,0.0082277158,0.3042743991
2008-04-23,885781,114.473038,0.009285756,0.3084264771
2008-04-30,888131,114.921881,0.0099270752,0.3110036109
2008-05-07,889228,115.969203,0.0102264484,0.3170170476
2008-05-14,880175,117.008204,0.0077558686,0.3229827073
2008-05-21,898487,115.944268,0.012753246,0.3168738776
2008-05-28,904054,115.786337,0.0142724902,0.315967081
2008-06-04,895939,114.722401,0.0120578923,0.3098582513
2008-06-11,890610,111.331098,0.0106035987,0.2903863164
2008-06-18,902304,111.588769,0.0137949121,0.2918657929
2008-06-25,892713,110.108641,0.0111775111,0.2833673024
2008-07-02,902962,105.405573,0.0139744815,0.2563635715
2008-07-09,898034,104.244425,0.0126296215,0.249696577
2008-07-16,910681,103.551076,0.0160810103,0.2457155566
2008-07-23,899665,107.067936,0.0130747243,0.2659084054
2008-07-30,918625,107.368665,0.0182489421,0.2676351092
2008-08-06,901710,107.702804,0.0136328085,0.269553644
2008-08-13,914632,107.402087,0.0171592453,0.2678270091
2008-08-20,898611,106.575077,0.0127870859,0.2630785438
2008-08-27,909982,107.452206,0.015890252,0.2681147787
2008-09-03,905253,106.825681,0.0145996995,0.2645174434
2008-09-10,925725,103.350592,0.0201865447,0.2445644322
2008-09-17,995093,97.41119,0.0391171955,0.2104620094
2008-09-24,1211825,99.924278,0.0982637443,0.2248914738
2008-10-01,1503989,97.512919,0.1779958202,0.2110461095
2008-10-08,1591587,81.927323,0.2019014704,0.1215578772
2008-10-15,1770809,75.634265,0.2508114734,0.0854248582
2008-10-22,1802602,76.155188,0.2594878398,0.0884158557
2008-10-29,1969086,78.205263,0.3049216199,0.100186826
2008-11-05,2074205,80.818267,0.3336087822,0.1151899808
2008-11-12,2212852,72.105453,0.3714457954,0.0651633842
2008-11-19,2187137,68.475815,0.3644281261,0.0443229949
2008-11-26,2106117,74.752065,0.3423176238,0.080359507
2008-12-03,2136924,73.365744,0.350724909,0.0723996307
2008-12-10,2250012,75.709886,0.3815868256,0.0858590533
2008-12-17,2254983,76.449254,0.3829434204,0.0901043023
2008-12-24,2232311,73.402289,0.3767561912,0.0726094621
2008-12-31,2239457,76.434596,0.3787063473,0.0900201401
2009-01-07,2121439,76.798813,0.3464990249,0.0921113745
2009-01-14,2049714,71.462625,0.3269251447,0.0614724416
2009-01-21,2037112,71.19158,0.3234860364,0.0599161753
2009-01-28,1927082,74.020606,0.2934586535,0.0761596693
2009-02-04,1851437,70.581729,0.2728149982,0.0564145775
2009-02-11,1843400,70.81042,0.2706216866,0.0577276587
2009-02-18,1915562,66.939563,0.290314825,0.0355022558
2009-02-25,1916115,65.110015,0.2904657396,0.0249974913
2009-03-04,1901317,60.756361,0.2864273391,0
2009-03-11,1899514,61.52714,0.2859352972,0.0044256023
2009-03-18,2066942,67.701878,0.3316266966,0.0398792602
2009-03-25,2071556,69.483128,0.3328858654,0.0501067109
2009-04-01,2078936,69.150429,0.3348998805,0.0481964441
2009-04-08,2088573,70.404453,0.337529835,0.0553967072
2009-04-15,2186498,72.724824,0.3642537419,0.0687196432
2009-04-22,2196812,72.11914,0.3670684509,0.0652419713
2009-04-29,2066712,74.550408,0.3315639292,0.0792016476
2009-05-06,2079758,78.602525,0.3351242058,0.1024677958
2009-05-13,2196351,75.650879,0.3669426431,0.0855202513
2009-05-20,2181632,77.212011,0.3629258018,0.0944838445
2009-05-27,2080115,76.495423,0.3352216317,0.0903693921
2009-06-03,2077695,79.890673,0.3345612094,0.1098639896
2009-06-10,2052297,80.530481,0.32763005,0.1135375922
2009-06-17,2072527,78.099212,0.333150853,0.0995779102
2009-06-24,2025571,77.313582,0.320336477,0.0950670374
2009-07-01,2005627,79.209531,0.3148937239,0.1059530584
2009-07-08,1992740,75.49484,0.3113768386,0.084624318
2009-07-15,2072451,80.007374,0.3331301125,0.1105340548
2009-07-22,2039001,81.971957,0.3240015479,0.1218141534
2009-07-29,2000547,83.773537,0.3135073828,0.1321583334
2009-08-05,1989203,86.141332,0.310411585,0.1457535651
2009-08-12,2014899,86.47591,0.3174240692,0.1476746205
2009-08-19,2060641,85.755274,0.3299071424,0.1435369256
2009-08-26,2074902,88.50912,0.3337989947,0.1593487566
2009-09-02,2083720,85.63517,0.3362054426,0.1428473212
2009-09-09,2087946,88.989546,0.3373587256,0.1621072314
2009-09-16,2139783,92.069389,0.3515051352,0.1797908481
2009-09-23,2158631,91.525273,0.356648788,0.1766666827
2009-09-30,2141020,91.0167,0.3518427147,0.1737465956
2009-10-07,2138086,91.197722,0.3510420209,0.1747859744
2009-10-14,2192787,94.223275,0.3659700212,0.1921578728
2009-10-21,2201119,93.292339,0.3682438388,0.1868126927
2009-10-28,2161537,89.999567,0.3574418405,0.1679064959
2009-11-04,2165067,90.439174,0.3584051838,0.1704305991
2009-11-11,2135035,94.947344,0.3502093975,0.1963152791
2009-11-18,2208721,95.912759,0.3703184382,0.2018584281
2009-11-25,2206359,96.007578,0.3696738442,0.2024028529
2009-12-02,2204074,95.895523,0.3690502636,0.2017594637
2009-12-09,2186383,94.835282,0.3642223582,0.1956718497
2009-12-16,2235763,96.128255,0.3776982481,0.2030957472
2009-12-23,2235803,97.018427,0.3777091642,0.2082068716
2009-12-30,2234067,97.512402,0.3772354067,0.211043141
2010-01-06,2235304,98.543685,0.3775729862,0.2169644861
2010-01-13,2291700,99.332315,0.3929635551,0.221492584
2010-01-20,2251806,98.699678,0.3820764114,0.2178601553
2010-01-27,2246886,95.181191,0.3807337346,0.1976579646
2010-02-03,2249319,95.181191,0.3813977047,0.1976579646
2010-02-10,2256679,92.737315,0.3834062618,0.1836258966
2010-02-17,2277574,95.553839,0.3891085445,0.1997976076
2010-02-24,2286127,96.039146,0.3914426734,0.2025841077
2010-03-03,2280147,97.32175,0.3898107208,0.2099484693
2010-03-10,2282474,99.635632,0.3904457632,0.2232341473
2010-03-17,2307997,101.481536,0.3974110354,0.2338328236
2010-03-24,2313149,101.673187,0.3988170254,0.2349332312
2010-03-31,2307150,101.812421,0.3971798876,0.2357326748
2010-04-07,2307575,102.995882,0.3972958708,0.2425277844
2010-04-14,2339345,105.458526,0.4059659604,0.2566676131
2010-04-21,2337556,104.997326,0.4054777391,0.2540195288
2010-04-28,2330472,103.883475,0.4035445029,0.2476241008
2010-05-05,2326164,101.655786,0.402368842,0.2348333194
2010-05-12,2336103,102.204005,0.4050812128,0.2379810431
2010-05-19,2350890,97.252619,0.4091166115,0.209551538
2010-05-26,2334041,93.258436,0.4045184894,0.1866180309
2010-06-02,2336216,96.008245,0.4051120507,0.2024066826
2010-06-09,2331529,92.283825,0.4038329601,0.181022081
2010-06-16,2344316,97.426655,0.4073225552,0.2105508052
2010-06-23,2344497,95.503262,0.4073719504,0.1995072083
2010-06-30,2330851,90.248527,0.4036479327,0.1693359562
2010-07-07,2332017,92.775345,0.4039661362,0.1838442545
2010-07-14,2340717,95.87048,0.4063403817,0.2016156737
2010-07-21,2332322,93.614703,0.4040493712,0.1886636187
2010-07-28,2325298,96.902192,0.4021325091,0.207539482
2010-08-04,2326479,98.773261,0.4024548061,0.2182826487
2010-08-11,2327533,95.564465,0.4027424446,0.1998586192
2010-08-18,2313662,95.992886,0.398957024,0.2023184955
2010-08-25,2301015,92.62671,0.3955056351,0.1829908329
2010-09-01,2301996,94.830023,0.3957733518,0.1956416539
2010-09-08,2305802,96.534974,0.396812016,0.2054310166
2010-09-15,2296079,98.869438,0.394158592,0.2188348708
2010-09-22,2307171,99.697606,0.3971856185,0.2235899851
2010-09-29,2298691,100.620572,0.3948714114,0.2288894036
2010-10-06,2308092,101.991829,0.3974369611,0.2367627865
2010-10-13,2309885,103.653162,0.3979262739,0.2463017065
2010-10-20,2305227,103.609216,0.3966550975,0.2460493806
2010-10-27,2295392,104.057507,0.3939711084,0.248623345
2010-11-03,2300353,105.437557,0.3953249742,0.2565472148
2010-11-10,2312768,107.327435,0.3987130498,0.2673983778
2010-11-17,2314757,103.916869,0.3992558514,0.24781584
2010-11-24,2346001,105.65731,0.4077823947,0.2578089765
2010-12-01,2346920,106.369315,0.4080331914,0.2618971146
2010-12-08,2382294,108.36467,0.417686819,0.2733538976
2010-12-15,2385754,109.08546,0.4186310592,0.2774924768
2010-12-22,2427921,111.143652,0.4301385086,0.2893100527
2010-12-29,2420570,111.267361,0.4281324076,0.290020356
2011-01-05,2436064,112.787215,0.4323607478,0.2987469422
2011-01-12,2468131,113.617834,0.4411118892,0.3035161295
2011-01-19,2425164,113.326233,0.4293861184,0.3018418362
2011-01-26,2443527,114.580993,0.4343974138,0.3090463252
2011-02-02,2469419,115.305581,0.4414633867,0.3132067115
2011-02-09,2500481,116.87845,0.4499402618,0.3222376953
2011-02-16,2508868,118.274596,0.452229089,0.3302539841
2011-02-23,2533221,115.773906,0.4588750661,0.3158957056
2011-03-02,2545119,115.941799,0.4621220515,0.3168597013
2011-03-09,2577076,116.984482,0.4708431737,0.3228465021
2011-03-16,2583046,111.497108,0.4724723973,0.2913395004
2011-03-23,2601341,115.069882,0.4774651354,0.3118533922
2011-03-30,2622523,117.829927,0.483245741,0.3277008162
2011-04-06,2648676,118.619778,0.4903829412,0.3322359248
2011-04-13,2665408,116.667338,0.4949491338,0.3210255479
2011-04-20,2685782,118.122795,0.5005092347,0.3293823842
2011-04-27,2690985,120.403596,0.5019291427,0.3424781202
2011-05-04,2718757,119.658121,0.509508171,0.3381978065
2011-05-11,2744498,119.312007,0.5165329357,0.3362105145
2011-05-18,2758009,119.241007,0.5202201117,0.3358028519
2011-05-25,2774996,117.492682,0.5248558942,0.3257644476
2011-06-01,2788723,117.031192,0.528602017,0.3231146982
2011-06-08,2811206,113.96941,0.5347376677,0.3055347828
2011-06-15,2827549,112.726945,0.5391977015,0.2984008884
2011-06-22,2856403,114.757405,0.5470720095,0.3100592347
2011-06-29,2865251,116.585749,0.5494866445,0.3205570862
2011-07-06,2870103,119.484339,0.5508107639,0.3371999977
2011-07-13,2878074,117.584643,0.552986064,0.3262924625
2011-07-20,2871301,118.307059,0.5511377002,0.3304403777
2011-07-27,2863576,116.478728,0.549029534,0.3199426009
2011-08-03,2867215,112.52772,0.5500226236,0.2972569929
2011-08-10,2872423,100.148514,0.551443896,0.2261789756
2011-08-17,2857906,106.73054,0.5474821809,0.2639711698
2011-08-24,2859433,105.312464,0.5478989019,0.255828965
2011-08-31,2853888,109.004821,0.5463856615,0.2770294697
2011-09-07,2858660,107.283505,0.5476879488,0.2671461437
2011-09-14,2863540,106.462982,0.5490197095,0.2624349249
2011-09-21,2857747,104.557394,0.5474387895,0.2514935595
2011-09-28,2850921,103.221629,0.5455759619,0.2438239619
2011-10-05,2859701,102.576157,0.5479720396,0.2401178381
2011-10-12,2860822,108.250927,0.5482779625,0.2727008164
2011-10-19,2852390,108.59159,0.5459768547,0.2746568103
2011-10-26,2845685,111.433462,0.5441470482,0.2909740625
2011-11-02,2822034,111.155547,0.5376926482,0.2893783505
2011-11-09,2839786,110.411467,0.5425372006,0.2851060466
2011-11-16,2831576,111.236234,0.540296677,0.2898416332
2011-11-23,2821980,104.49464,0.5376779115,0.2511332432
2011-11-30,2814235,112.052035,0.5355642872,0.2945257396
2011-12-07,2820691,113.611929,0.5373261411,0.3034822246
2011-12-14,2902488,109.138449,0.5596486881,0.2777967252
2011-12-21,2916085,112.022906,0.5633593336,0.2943584889
2011-12-28,2926095,112.618344,0.5660910804,0.2977773311
2012-01-04,2917689,115.207578,0.5637970681,0.312644005
2012-01-11,2899149,116.560839,0.558737469,0.3204140598
2012-01-18,2919423,117.977258,0.5642702797,0.3285467505
2012-01-25,2919545,119.592143,0.5643035738,0.3378189788
2012-02-01,2924947,119.510951,0.5657777892,0.3373527966
2012-02-08,2928275,121.964864,0.5666860063,0.3514424943
2012-02-15,2937893,121.396491,0.5693107756,0.3481790519
2012-02-22,2932813,122.722687,0.5679244346,0.3557937068
2012-02-29,2925722,123.615844,0.5659892881,0.3609219702
2012-03-07,2884747,122.415951,0.5548071376,0.3540325125
2012-03-14,2893560,126.223125,0.557212221,0.375892265
2012-03-21,2892646,127.048128,0.5569627888,0.3806292068
2012-03-28,2878137,127.283716,0.5530032568,0.3819818887
2012-04-04,2865478,126.730978,0.5495485932,0.3788082182
2012-04-11,2867200,124.139453,0.55001853,0.3639283899
2012-04-18,2875470,125.598319,0.5522754278,0.3723047998
2012-04-25,2866561,126.123874,0.5498441458,0.3753223929
2012-05-02,2864280,127.147802,0.5492216568,0.3812015076
2012-05-09,2864150,122.997737,0.5491861796,0.3573729687
2012-05-16,2850984,120.360903,0.5455931548,0.3422329886
2012-05-23,2859495,119.853474,0.5479158218,0.33931947
2012-05-30,2842654,119.39134,0.5433198829,0.3366660229
2012-06-06,2852018,119.581633,0.5458753352,0.3377586333
2012-06-13,2869071,119.672251,0.5505291293,0.3382789371
2012-06-20,2870846,123.398214,0.5510135299,0.3596723982
2012-06-27,2863547,121.294216,0.5490216198,0.3475918168
2012-07-11,2866279,122.195935,0.5497671875,0.3527692408
2012-07-18,2855807,125.119667,0.54690936,0.3695565108
2012-07-25,2846757,122.013774,0.5444395989,0.3517233221
2012-08-01,2851118,125.32005,0.5456297236,0.3707070552
2012-08-08,2856181,127.961443,0.5470114253,0.3858732119
2012-08-15,2833317,128.380413,0.540771799,0.3882788231
2012-08-22,2825661,129.172838,0.5386824629,0.3928287109
2012-08-29,2812806,128.890472,0.5351743106,0.3912074425
2012-09-05,2822169,128.343987,0.5377294899,0.388069675
2012-09-12,2823448,131.513645,0.5380785313,0.4062689848
2012-09-19,2821574,133.617642,0.5375671134,0.4183495605
2012-09-26,2804457,131.208429,0.5328958536,0.404516518
2012-10-03,2808512,132.856664,0.5340024703,0.4139802329
2012-10-10,2811623,131.199277,0.5348514677,0.4044639697
2012-10-17,2846920,133.873074,0.5444840819,0.4198161813
2012-10-24,2840964,129.129835,0.5428586789,0.3925817994
2012-10-31,2823137,129.432013,0.5379936589,0.3943168229
2012-11-07,2830791,127.939442,0.5400824491,0.3857468881
2012-11-14,2877244,124.46899,0.5527595555,0.3658205013
2012-11-21,2871161,127.692204,0.551099494,0.3843273151
2012-11-28,2851362,129.532739,0.5456963116,0.394895164
2012-12-05,2859807,129.56936,0.5480009672,0.3951054318
2012-12-12,2917260,131.409881,0.5636799932,0.4056732003
2012-12-19,2920231,132.124113,0.5644907844,0.4097741252
2012-12-26,2907300,130.718862,0.5609618914,0.4017055581
2013-01-02,2917189,134.693451,0.5636606172,0.4245265618
2013-01-09,2928728,134.564347,0.5668096308,0.4237852819
2013-01-16,2963812,135.606414,0.5763841169,0.4297685458
2013-01-23,3011697,137.745861,0.5894520187,0.4420526657
2013-01-30,3008704,138.391398,0.5886352237,0.4457591627
2013-02-06,3014975,139.39657,0.5903465907,0.4515305856
2013-02-13,3074225,140.309518,0.6065160212,0.4567724835
2013-02-20,3095150,139.562555,0.612226491,0.4524836261
2013-02-27,3090600,140.088204,0.6109847879,0.455501759
2013-03-06,3108805,142.476644,0.6159529648,0.4692155286
2013-03-13,3165396,143.767689,0.6313967495,0.4766283561
2013-03-20,3206888,144.212604,0.6427199902,0.4791829364
2013-03-27,3202256,144.675744,0.6414559092,0.4818421597
2013-04-03,3215432,143.786509,0.645051663,0.4767364154
2013-04-10,3227762,146.972916,0.648416542,0.4950318935
2013-04-17,3295109,143.675359,0.6667956582,0.4760982225
2013-04-24,3318649,146.24116,0.6732197662,0.4908303505
2013-05-01,3317194,146.611667,0.6728226941,0.4929577005
2013-05-08,3324615,151.298643,0.6748478982,0.5198690356
2013-05-15,3354269,153.873702,0.6829405276,0.5346543205
2013-05-22,3398713,153.697706,0.6950693744,0.5336437996
2013-05-29,3385128,153.040055,0.6913620037,0.5298677473
2013-06-05,3400183,149.38125,0.69547054,0.508859889
2013-06-12,3410842,149.825861,0.6983794001,0.5114127239
2013-06-19,3470530,151.400535,0.7146683616,0.5204540716
2013-06-26,3478672,149.119441,0.7168903279,0.5073566533
2013-07-03,3492742,150.180988,0.7207300559,0.5134517661
2013-07-10,3504095,153.821912,0.7238283098,0.5343569565
2013-07-17,3537861,156.391969,0.7330431114,0.5491135213
2013-07-24,3574574,156.922749,0.7430621545,0.552161115
2013-07-31,3571797,157.099676,0.7423043062,0.5531769815
2013-08-07,3585359,157.537318,0.7460054002,0.5556898022
2013-08-14,3646323,157.12761,0.7626425844,0.5533373709
2013-08-21,3645668,153.235263,0.7624638337,0.5309885783
2013-08-28,3644456,152.630001,0.7621330767,0.5275133293
2013-09-04,3654182,154.343372,0.7647873195,0.5373510373
2013-09-11,3662035,157.742179,0.7669304171,0.5568660581
2013-09-18,3722192,161.141001,0.7833473696,0.576381165
2013-09-25,3734018,158.174208,0.786574706,0.5593466505
2013-10-02,3747387,158.305208,0.79022313,0.5600988167
2013-10-09,3758663,154.955341,0.7933003704,0.540864796
2013-10-16,3813599,161.009454,0.8082925027,0.5756258581
2013-10-23,3839033,163.348756,0.8152334866,0.5890574908
2013-10-30,3843396,164.958182,0.816424157,0.598298375
2013-11-06,3851623,165.781621,0.81866932,0.6030263367
2013-11-13,3907424,166.913849,0.8338975123,0.6095272804
2013-11-20,3906620,166.998061,0.8336780993,0.6100108027
2013-11-27,3925876,169.477715,0.8389330959,0.6242482982
2013-12-04,3932626,168.177063,0.840775183,0.6167803099
2013-12-11,3993955,167.231991,0.8575119763,0.6113539648
2013-12-18,4008062,170.020434,0.8613618017,0.6273644423
2014-01-08,4028185,172.655742,0.8668534043,0.6424956606
2014-01-15,4071528,173.728255,0.8786817862,0.6486537371
2014-01-22,4097914,173.389566,0.8858825725,0.6467090774
2014-01-29,4102138,166.851004,0.8870353097,0.6091664416
2014-02-05,4109285,164.800051,0.8889857387,0.59739043
2014-02-12,4119474,171.291584,0.8917663349,0.6346630382
2014-02-19,4149224,172.185342,0.8998851629,0.6397947523
2014-02-26,4159972,173.907009,0.9028183113,0.6496800937
2014-03-05,4171762,176.635325,0.9060358233,0.6653453384
2014-03-12,4181361,176.193148,0.9086554075,0.6628064789
2014-03-19,4222081,175.609856,0.919767968,0.6594573757
2014-03-26,4226971,174.787951,0.9211024577,0.6547382218
2014-04-02,4236441,178.482721,0.9236868376,0.6759525813
2014-04-09,4244188,176.791247,0.9258010077,0.6662405999
2014-04-16,4283967,175.8841,0.9366567676,0.6610320098
2014-04-23,4296339,177.13143,0.9400331084,0.6681938377
2014-04-30,4296049,177.94409,0.9399539669,0.6728599093
2014-05-07,4303143,177.537768,0.9418899322,0.6705269195
2014-05-14,4336649,178.652805,0.9510337792,0.6769291571
2014-05-21,4327560,178.718959,0.9485533749,0.6773089953
2014-05-28,4322654,180.845103,0.9472145188,0.689516733
2014-06-04,4330917,182.555466,0.9494695062,0.6993371699
2014-06-11,4340904,184.19023,0.9521949763,0.708723538
2014-06-18,4368168,185.456464,0.9596353705,0.7159939075
2014-06-25,4368348,185.699486,0.9596844928,0.7173892734
2014-07-02,4377031,187.266124,0.962054099,0.7263844806
2014-07-09,4383401,187.16168,0.9637924833,0.7257847917
2014-07-16,4398201,187.959255,0.9678314297,0.7303642493
2014-07-23,4410746,188.604895,0.9712549825,0.7340713378
2014-07-30,4406637,187.028754,0.9701336291,0.7250215669
2014-08-06,4410111,182.366813,0.9710816899,0.6982539759
2014-08-13,4431923,184.996865,0.9770342235,0.7133550157
2014-08-20,4412924,188.870749,0.9718493626,0.7355977988
2014-08-27,4413736,190.13356,0.9720709588,0.7428485144
2014-09-03,4415587,190.370931,0.9725761,0.7442114338
2014-09-10,4421408,189.962661,0.9741646613,0.741867259
2014-09-17,4449588,190.608301,0.9818550335,0.7455743474
2014-09-24,4459050,190.36412,0.9844372301,0.7441723269
2014-10-01,4450260,185.394209,0.9820384235,0.7156364563
2014-10-08,4455403,187.578677,0.9834419573,0.7281790745
2014-10-15,4474360,177.839155,0.9886153564,0.6722574012
2014-10-22,4481616,183.810699,0.9905955317,0.7065443747
2014-10-29,4486754,188.98094,0.9919977011,0.7362304854
2014-11-05,4486585,193.016014,0.9919515807,0.7593987774
2014-11-12,4488895,194.561373,0.9925819838,0.7682718064
2014-11-19,4492759,195.763306,0.9936364763,0.7751729771
2014-11-26,4485931,198.071789,0.9917731029,0.7884276555
2014-12-03,4486190,198.310269,0.9918437845,0.7897969425
2014-12-10,4488865,193.798235,0.9925737967,0.7638900765
2014-12-17,4502247,192.491355,0.9962257684,0.7563863288
2014-12-24,4509462,199.289687,0.9981947547,0.795420493
2014-12-31,4497660,197.150696,0.9949739679,0.7831389913
2015-01-07,4499524,194.052535,0.9954826568,0.7653501976
2015-01-14,4516077,192.661721,1,0.7573645238
2015-01-21,4512936,194.791111,0.9991428155,0.7695908992
2015-01-28,4500064,191.971107,0.9956300238,0.753399207
2015-02-04,4500348,195.731107,0.9957075279,0.7749880993
2015-02-11,4501685,198.483961,0.9960723976,0.7907942345
2015-02-18,4496851,201.553362,0.9947531904,0.8084178961
2015-02-25,4486725,202.992138,0.9919897869,0.8166789546
2015-03-04,4487583,201.649271,0.9922239367,0.8089685794
2015-03-11,4489279,196.153151,0.9926867781,0.7774113606
2015-03-18,4495888,201.869894,0.9944903859,0.8102353363
2015-03-25,4480603,198.242683,0.9903190822,0.7894088822
2015-04-01,4481799,198.184877,0.9906454728,0.7890769759
2015-04-08,4483419,200.381578,0.9910875736,0.8016898326
2015-04-15,4485366,202.742066,0.9916189134,0.8152431096
2015-04-22,4489695,202.934771,0.9928003052,0.816349569
2015-04-29,4471499,202.876965,0.9878345844,0.8160176627
2015-05-06,4472703,200.439383,0.9881631582,0.8020217332
2015-05-13,4501188,202.347056,0.9959367654,0.8129750701
2015-05-20,4480384,205.102568,0.9902593167,0.8287964669
2015-05-27,4463981,204.929137,0.9857829088,0.8278006735
2015-06-03,4465360,204.177635,0.9861592404,0.8234857544
2015-06-10,4468005,203.243072,0.9868810656,0.8181197491
2015-06-17,4487817,202.896224,0.9922877957,0.8161282427
2015-06-24,4495055,203.796031,0.9942630588,0.8212946885
2015-07-01,4479130,200.891574,0.9899170979,0.8046180903
2015-07-08,4481289,198.016161,0.9905062928,0.7881082548
2015-07-15,4493605,203.902528,0.9938673512,0.8219061652
2015-07-22,4500503,204.638318,0.9957498277,0.8261308702
2015-07-29,4485480,204.057436,0.9916500242,0.8227956046
2015-08-05,4486329,203.379732,0.9918817178,0.8189044134
2015-08-12,4489250,202.266349,0.9926788639,0.8125116726
2015-08-19,4487208,201.685466,0.9921215985,0.8091764012
2015-08-26,4475105,188.266877,0.9888186682,0.7321305308
2015-09-02,4475886,189.186618,0.9890318045,0.7374114322
2015-09-09,4478213,188.586354,0.989666847,0.7339648804
2015-09-16,4487809,193.804693,0.9922856125,0.7639271566
2015-09-23,4497484,188.408715,0.9949259372,0.7329449258
2015-09-30,4484111,186.491538,0.9912764217,0.7219370195
2015-10-07,4486185,194.06292,0.99184242,0.7654098255
2015-10-14,4504704,193.946128,0.996896288,0.7647392377
2015-10-21,4501372,196.437495,0.9959869793,0.7790439861
2015-10-28,4489339,203.347103,0.9927031522,0.8187170666
2015-11-04,4489702,204.719298,0.9928022155,0.8265958353
2015-11-11,4492012,202.169557,0.9934326186,0.8119559194
2015-11-18,4486721,203.133001,0.9919886953,0.8174877515
2015-11-25,4477088,203.707192,0.9893598325,0.8207845993
2015-12-02,4478069,202.938367,0.9896275491,0.8163702162
2015-12-09,4480436,199.833903,0.9902735076,0.7985452325
2015-12-16,4489593,202.451774,0.9927724692,0.8135763322
2015-12-23,4496523,201.688912,0.9946636786,0.8091961871
2015-12-30,4486587,201.600793,0.9919521265,0.8086902319
2016-01-06,4486606,194.640278,0.9919573116,0.7687248573
2016-01-13,4501695,184.86029,0.9960751266,0.7125708393
2016-01-20,4488840,181.747134,0.9925669742,0.6946959485
2016-01-27,4482349,184.175008,0.9907955687,0.7086361374
2016-02-03,4483495,187.278365,0.9911083142,0.7264547651
2016-02-10,4486278,181.375133,0.9918677998,0.6925600204
2016-02-17,4483629,188.825151,0.991144883,0.7353359875
2016-02-24,4489796,189.138416,0.9928278683,0.7371346695
2016-03-02,4478485,194.816487,0.9897410762,0.7697366012
2016-03-09,4481083,195.188503,0.9904500751,0.7718726154
2016-03-16,4486333,199.065245,0.9918828094,0.7941318084
2016-03-23,4492857,199.964054,0.9936632206,0.799292524
2016-03-30,4482840,202.729167,0.9909295635,0.815169047
2016-04-06,4484069,203.122771,0.9912649598,0.8174290136
2016-04-13,4499729,204.677535,0.9955386017,0.8263560435
2016-04-20,4490131,206.743997,0.9929192904,0.8382211035
2016-04-27,4474665,206.005977,0.9886985914,0.8339835944
2016-05-04,4477270,201.73529,0.9894095006,0.8094624769
2016-05-11,4478411,203.201495,0.9897208815,0.8178810253
2016-05-18,4473741,201.636896,0.9884464302,0.8088975255
2016-05-25,4461111,205.937088,0.9849996807,0.8335880526
2016-06-01,4461393,206.91128,0.985076639,0.8391815968
2016-06-08,4463542,208.977727,0.9856631049,0.8510465706
2016-06-15,4472817,204.431528,0.988194269,0.8249435386
2016-06-22,4482009,205.840853,0.9907027821,0.8330354975
2016-06-29,4466482,204.416484,0.9864654362,0.8248571601
2016-07-06,4470605,207.383915,0.9875906102,0.8418953378
2016-07-13,4472202,212.586807,0.9880264344,0.8717689215
2016-07-20,4480973,214.733247,0.9904200559,0.8840931933
2016-07-27,4464498,214.169443,0.985923999,0.8808559849
2016-08-03,4466793,213.833123,0.9865503086,0.8789249274
2016-08-10,4468929,215.27728,0.9871332268,0.8872168821
2016-08-17,4466476,215.99935,0.9864637988,0.8913628107
2016-08-24,4473840,215.485006,0.9884734475,0.888409588
2016-08-31,4457907,215.020108,0.9841253034,0.8857402708
2016-09-07,4459394,216.632402,0.9845311083,0.8949976223
2016-09-14,4481635,210.836018,0.9906007169,0.8617163696
2016-09-21,4473032,214.555398,0.9882529428,0.883072033
2016-09-28,4452002,215.370586,0.9825138184,0.8877526197
2016-10-05,4459407,214.366509,0.9845346561,0.881987484
2016-10-12,4457698,212.457761,0.9840682669,0.8710279747
2016-10-19,4467382,213.024414,0.9867110478,0.8742815413
2016-10-26,4454326,212.487584,0.9831480421,0.8711992102
2016-11-02,4453087,208.511023,0.9828099168,0.8483668838
2016-11-09,4455087,215.112115,0.9833557204,0.8862685498
2016-11-16,4453633,216.593374,0.9829589212,0.8947735342
2016-11-23,4465782,219.406793,0.9862744049,0.9109274171
2016-11-30,4446307,219.088676,0.9809596427,0.9091008762
2016-12-07,4448618,223.28395,0.9815903188,0.9331889928
2016-12-14,4470973,224.556449,0.9876910381,0.9404953343
2016-12-21,4469089,225.770004,0.9871768911,0.9474632354
2016-12-28,4451451,224.399994,0.9823634495,0.9395970124
2017-01-04,4453101,226.580002,0.9828137374,0.9521140225
2017-01-11,4452509,227.100006,0.9826521796,0.9550997434
2017-01-18,4460758,226.75,0.9849033464,0.9530901046
2017-01-25,4452838,229.570007,0.9827419643,0.969281814
2017-02-01,4453881,227.619995,0.9830266008,0.9580853781
2017-02-08,4456236,229.240005,0.9836692845,0.9673870327
2017-02-15,4454676,234.919998,0.9832435577,1
